Id,Label
0,Gareth J. F. Jones
1,Henning M&uuml;ller
2,Paolo Rosso
3,Maarten de Rijke
4,Luis Alfonso Ure&ntilde;a L&oacute;pez
5,Thomas Mandl 0001
6,Fernando Llopis
7,Julio Gonzalo
8,Anselmo Pe&ntilde;as
9,Paul D. Clough
10,Manuel Montes-y-G&oacute;mez
11,Julio Villena-Rom&aacute;n
12,Johannes Leveling
13,Rafael Mu&ntilde;oz 0001
14,Adrian Iftene
15,Nicola Ferro
16,Jussi Karlgren
17,Ray R. Larson
18,Carol Peters
19,Manuel Carlos D&iacute;az-Galiano
20,Jacques Savoy
21,Jos&eacute; Carlos Gonz&aacute;lez Crist&oacute;bal
22,Maximilian Eibl
23,Giorgio Maria Di Nunzio
24,Christa Womser-Hacker
25,Felisa Verdejo
26,Jaap Kamps
27,Douglas W. Oard
28,Davide Buscaldi
29,Sara Lana-Serrano
30,Alexis Joly
31,Luis Villase&ntilde;or Pineda
32,Benno Stein
33,Arturo Montejo-R&aacute;ez
34,Mar&iacute;a Teresa Mart&iacute;n-Valdivia
35,Allan Hanbury
36,Vivien Petras
37,Mirna Adriani
38,Fredric C. Gey
39,Martin Potthast
40,&Aacute;lvaro Rodrigo
41,Lorraine Goeuriot
42,Herv&eacute; Glotin
43,Jos&eacute; Luis Mart&iacute;nez-Fern&aacute;ndez
44,V&iacute;ctor Peinado
45,Richard F. E. Sutcliffe
46,Elisa Noguera
47,Mark Sanderson
48,Ana Garc&iacute;a-Serrano
49,Fernando Mart&iacute;nez Santiago
50,Miguel Angel Garc&iacute;a Cumbreras
51,Herv&eacute; Go&euml;au
52,&Aacute;ngel F. Zazo Rodr&iacute;guez
53,Jos&eacute; Luis Alonso Berrocal
54,Carlos G. Figuerola
55,Fernando L&oacute;pez-Ostenero
56,Valentin Jijkoun
57,Jean-Pierre Chevallet
58,Jens K&uuml;rsten
59,Sven Hartrumpf
60,Liadh Kelly
61,Jos&eacute; M. Perea-Ortega
62,Jos&eacute; Miguel Go&ntilde;i-Menoyo
63,Stephen Tomlinson
64,Nuno Cardoso
65,Josiane Mothe
66,Patrick Ruch
67,Thomas Deselaers
68,William R. Hersh
69,Adenike M. Lam-Adesina
70,Jos&eacute; Luis Vicedo Gonz&aacute;lez
71,Philippe Mulhem
72,Guido Zuccon
73,Hsin-Hsi Chen
74,Bogdan Sacaleanu
75,Bernardo Magnini
76,G&uuml;nter Neumann
77,Paul McNamee
78,Noriko Kando
79,Diana Santos
80,Jayashree Kalpathy-Cramer
81,Julien Gobeill
82,Paloma Mart&iacute;nez
83,Horacio Rodr&iacute;guez
84,Petya Osenova
85,Marijn Koolen
86,Martin Braschler
87,Pavel Pecina
88,Miguel E. Ruiz
89,Magnus Sahlgren
90,Mohand Boughanem
91,Efstathios Stamatatos
92,Romaric Besan&ccedil;on
93,David Pinto
94,Ingo Gl&ouml;ckner
95,Andreas Lommatzsch
96,Hanna Suominen
97,Martha Larson
98,M&aacute;rio J. Silva
99,Adrian Popescu 0001
100,C&eacute;sar de Pablo-S&aacute;nchez
101,Pierre Bonnet
102,Barbara Caputo
103,Jordi Turmo
104,Daniel Ferr&eacute;s
105,Alba Garcia Seco de Herrera
106,Patrice Bellot
107,Aur&eacute;lie N&eacute;v&eacute;ol
108,Eneko Agirre
109,Patricio Mart&iacute;nez-Barco
110,Arjen P. de Vries
111,Toine Bogers
112,Marcello Federico
113,Walter Daelemans
114,Rafael M. Terol
115,Hugo Jair Escalante
116,Arantxa Otegi
117,Jian-Yun Nie
118,Miguel &Aacute;ngel Garc&iacute;a Cumbreras
119,Pamela Forner
120,Grigori Sidorov
121,Ren&eacute; Hackl
122,Steven Bedrick
123,Francisco M. Rangel Pardo
124,Jianqiang Wang 0002
125,Pierre Zweigenbaum
126,Mark Oliver G&uuml;ld
127,Vasudeva Varma
128,James Mayfield
129,Jean-Michel Renders
130,Paulo Quaresma
131,Stefan M. R&uuml;ger
132,Brigitte Grau
133,Andr&aacute;s A. Bencz&uacute;r
134,Eric SanJuan
135,&Oacute;scar Ferr&aacute;ndez
136,Enrique Amig&oacute;
137,Alexander F. Gelbukh
138,Jo&atilde;o R. M. Palotti
139,&Eacute;ric Gaussier
140,Mauricio Villegas
141,Sivaji Bandyopadhyay
142,Gabriela Csurka
143,Leif Azzopardi
144,Roman Kern
145,St&eacute;phane Clinchant
146,Thomas Wilhelm
147,Sergio Navarro
148,Antonio Ferr&aacute;ndez
149,Luca Piras
150,Nicola Bertoldi
151,Thomas Martin Deserno
152,Aurelio L&oacute;pez-L&oacute;pez
153,Wen-Cheng Lin
154,Djoerd Hiemstra
155,Andr&eacute;s Montoyo
156,Manuel Palomar
157,B&aacute;lint Dar&oacute;czy
158,Rickard C&ouml;ster
159,Lee Gillam
160,Sophie Rosset
161,Suzan Verberne
162,Mark Stevenson
163,Jos&eacute; Manuel G&oacute;mez Soriano
164,Thamar Solorio
165,Paulo Rocha
166,Joo-Hwee Lim
167,Ivan Eggel
168,Prasenjit Majumder
169,Theodora Tsikrika
170,Teresa Gon&ccedil;alves
171,Manuel Garc&iacute;a Vega
172,Pere Comas
173,Sa&iuml;d Radhouani
174,Maria G&auml;de
175,Md. Mahmudur Rahman
176,Patrick Gallinari
177,Krisztian Balog
178,V&eacute;ronique Moriceau
179,Javier Artiles
180,Iadh Ounis
181,Helena G&oacute;mez-Adorno
182,Corina Forascu
183,Xavier Tannier
184,Willem-Pier Vellinga
185,Hermann Ney
186,Ljiljana Dolamic
187,Sameer K. Antani
188,Michael Grubinger
189,Mihai Alex Moruz
190,Viviane Pereira Moreira
191,Preslav Nakov
192,Mihai Lupu
193,Dina Demner-Fushman
194,Dan Tufis
195,Isabelle Moulinier
196,Christelle Ayache
197,Djamel Mostefa
198,Lo&iuml;c Maisonnasse
199,Hristo Tanev
200,Kiril Ivanov Simov
201,Iustin Dornescu
202,Rub&eacute;n Izquierdo
203,Adri&aacute;n Pastor L&oacute;pez-Monroy
204,Mikko Kurimo
205,Yih-Chen Chang
206,Gosse Bouma
207,Alessandro Vallin
208,Pinaki Bhaskar
209,Xaro Benavent
210,Theodore Kalamboukis
211,Xin Zhou
212,Bruno Martins 0001
213,Daqing He
214,Diana Trandabat
215,Heikki Keskustalo
216,Farhad Oroumchian
217,Esa&uacute; Villatoro-Tello
218,Hugo C. Huurdeman
219,Matteo Negri
220,Jos&eacute; Carlos Gonz&aacute;lez
221,Christoph M. Friedrich
222,Jos&eacute; Saias
223,Michael Preminger
224,Sabrina Tollari
225,Ari Pirkola
226,Robert Planqu&eacute;
227,Iryna Gurevych
228,Herv&eacute; Le Borgne
229,Thomas Martin Lehmann
230,Dan Stefanescu
231,Milen Kouylekov
232,Jes&uacute;s Herrera
233,Georgiana Puscasu
234,Jes&uacute;s Vilares
235,Julio Villena
236,Edgar Meij
237,Florina Piroi
238,Matthias Hagen
239,Radu Ion
240,Olivier Ferret
241,Damiano Spina
242,Hichem Sahbi
243,Preben Hansen
244,Debasis Ganguly
245,Benjamin Kille
246,Ralph K&ouml;lle
247,Simon E. Overell
248,Yashin Dicente Cid
249,Been-Chian Chien
250,Darnes Vilari&ntilde;o Ayala
251,Eduard H. Hovy
252,David Tom&aacute;s
253,Jacques Guyot
254,Dominique Laurent
255,Qinmin Hu
256,Christian Fluhr
257,Sophie N&egrave;gre
258,Atelach Alemu Argaw
259,Nicolas Moreau
260,B&ouml;rkur Sigurbj&ouml;rnsson
261,Sungbin Choi
262,Abolfazl AleAhmad
263,Erik F. Tjong Kim Sang
264,Rui Wang 0005
265,Emilio Sanchis
266,Cl&aacute;udia Pinto
267,Antoine Geissb&uuml;hler
268,Craig Macdonald
269,Muath Alzghool
270,Gabriella Pasi
271,Dong Zhou
272,David Walsh 0001
273,Afonso Mendes
274,Sonia V&aacute;zquez
275,Jes&uacute;s Peral
276,Danilo Giampiccolo
277,Michael P. Oakes
278,Erchan Aptoula
279,Pedro Mendes
280,Fabio Crestani
281,Andreas Rauber
282,Christina Lioma
283,Zhong-Qiu Zhao
284,Wei-Pang Yang
285,Rao Muhammad Adeel Nawab
286,Juan-Manuel Torres-Moreno
287,Mathias G&eacute;ry
288,Bipin C. Desai
289,H&eacute;ctor Jim&eacute;nez-Salazar
290,David E. Losada
291,Rocio Guill&eacute;n
292,Olivier Galibert
293,Andr&eacute; F. T. Martins
294,Gilles Falquet
295,Sandra Roger 0001
296,Mette Skov
297,Michael Granitzer
298,Evangelos Kanoulas
299,Fabio A. Gonz&aacute;lez
300,Grigorios Tsoumakas
301,Alberto T&eacute;llez-Valero
302,Somnath Banerjee
303,Jesus Mart&iacute;nez-G&oacute;mez
304,Alberto Barr&oacute;n-Cede&ntilde;o
305,Pei-Cheng Cheng
306,Zornitsa Kozareva
307,Axel-Cyrille Ngonga Ngomo
308,Diana Inkpen
309,David Ahn
310,Ali Fakeri-Tabrizi
311,Cathal Gurrin
312,Mirco Kocher
313,Turid Hedlund
314,Eamonn Newman
315,Christian Monson
316,Helena Figueira
317,Berrin A. Yanikoglu
318,Eija Airio
319,Eva D'hondt
320,Claire Fautsch
321,Wessel Kraaij
322,Aitao Chen
323,Anne-Laure Ligozat
324,Luca Dini
325,Manuel Alberto P&eacute;rez-Couti&ntilde;o
326,Jori Mur
327,Liana Ermakova
328,Hao-Ren Ke
329,Wei-Ying Ma
330,Franciska de Jong
331,Ionut Pistol
332,Bogdan Ionescu
333,Lu&iacute;s Fernando Costa
334,Azadeh Shakery
335,Thomas Lavergne
336,Gina-Anne Levow
337,Maximiliano Saiz-Noeda
338,Sabine Bergler
339,Ruben Granados
340,Lourdes Araujo
341,Jo&atilde;o Magalh&atilde;es
342,Alexandru Ceausu
343,David Mart&iacute;nez 0001
344,Adil Alpkocak
345,Erik M. van Mulligen
346,D&aacute;vid Sikl&oacute;si
347,Christof Monz
348,Esther de Ves
349,Chiraz Latiri
350,Nicola Orio
351,Claudia Hauff
352,M&aacute;ty&aacute;s Brendel
353,Mario Lasseck
354,Mark M. Hall
355,Ismael Garc&iacute;a-Varea
356,Jan A. Kors
357,Mark Michael Hall
358,Liang He 0001
359,Frank Hopfgartner
360,Alexandru-Lucian G&icirc;nsca
361,Peter Sch&auml;uble
362,Ville T. Turunen
363,Sven Koitka
364,Constantin Orasan
365,Michael Tschuggnall
366,Sisay Fissaha Adafre
367,Antonio Moreno-Sandoval
368,Malvina Nissim
369,Jorge Carrillo de Albornoz
370,Xing Xie 0001
371,Benedikt Fischer
372,Stefan Conrad 0001
373,Laura Monceaux
374,Dietrich Rebholz-Schuhmann
375,Vassili Kovalev
376,Bj&ouml;rn Pelzer
377,Kalervo J&auml;rvelin
378,Igal Gabbay
379,Philipp Cimiano
380,Torben Brodt
381,Christian Thies
382,Georgi Georgiev
383,Sanna Salanter&auml;
384,Patrick S&eacute;gu&eacute;la
385,George R. Thoma
386,Roberto Paredes
387,Steven C. H. Hoi
388,Robert Str&ouml;tgen
389,Antonio Jimeno-Yepes
390,Mar&iacute;a Pardi&ntilde;o
391,Michal Brandejs
392,Isabelle Robba
393,&Aacute;ngel Castellanos Gonz&aacute;les
394,Gertjan van Noord
395,Jaime G. Carbonell
396,Alessio Bosca
397,Christina Unger
398,Masaki Aono
399,Tatiana Tommasi
400,Maximilian Stempfhuber
401,B&auml;rbel Ripplinger
402,Dan Cristea
403,Natalia Perelman
404,Vitali Liauchuk
405,Thierry Hamon
406,Osama El Demerdash
407,Aoife O'Gorman
408,Emilio Sanchis Arnal
409,Ivan Koychev
410,Adolfo Corujo
411,Gilles Adda
412,Shadi Saleh
413,Marcirio Silveira Chaves
414,Carlos Amaral
415,Jeffery R. Jensen
416,Joemon M. Jose
417,Pierre-Alain Mo&euml;llic
418,Karen Pinel-Sauvagnat
419,Prabir Bhattacharya
420,Spyridon Stathopoulos
421,Viviane Moreira Orengo
422,Duc-Tien Dang-Nguyen
423,Ivica Dimitrovski
424,Leila Kosseim
425,Mohamed Tmar
426,Sami Virpioja
427,Philipp Schaer
428,Stefan Baerisch
429,Donna Harman
430,Lili Aunimo
431,Masashi Inoue
432,Tobias Weyand
433,Michael Riegler
434,Marcel Puchol-Blasco
435,Anis Ben Ammar
436,Julien Champ
437,Thomas Wilhelm-Stein
438,Delphine Bernhard
439,Jean-Val&egrave;re Cossu
440,Emilio Rodr&iacute;guez
441,Maria Teresa Vicente-D&iacute;ez
442,Oren Halvani
443,Marvin Br&uuml;nner
444,Peter Wilkins
445,Jos&eacute; M. Go&ntilde;i
446,Alicia Ageno
447,David Zellh&ouml;fer
448,Dan I. Moldovan
449,Monica Rogati
450,Hugo Zaragoza
451,Vassilis Plachouras
452,Maristella Agosti
453,Partha Pakray
454,Ben He
455,Emanuela Boros
456,Raquel G&oacute;mez D&iacute;az
457,Ad&aacute;n Cassan
458,Leonardo Andrade 0001
459,Lonneke van der Plas
460,Eric Bilinski
461,Ben Verhoeven
462,Jana Kludas
463,Antonio Toral
464,Irina Chugur
465,Stefanie Nowak
466,Maria Husarciuc
467,Shlomo Geva
468,Anne Vilnat
469,Joaqu&iacute;n P&eacute;rez-Iglesias
470,Sumithra Velupillai
471,Borja Navarro
472,Yasen Kiprov
473,Walid Magdy
474,Mostafa Dehghani 0001
475,Lars Asker
476,Ben Heuwing
477,Kazuaki Kishida
478,Michael Kluck
479,J&ouml;rg Tiedemann
480,Leif Hanlen
481,Michel Beigbeder
482,Syandra Sari
483,Ana Cristina Mendes
484,Valent&iacute;n Sama
485,Jonas Seiler
486,Esteban Castillo
487,Carsten Eickhoff
488,Parth Gupta
489,Ioannis P. Vlahavas
490,Jos&eacute; Manuel Mart&iacute;n Ramos
491,Chokri Ben Amar
492,Bo Qiu
493,Hadi Amiri
494,George F. Foster
495,Pierpaolo Basile
496,Chong Wang 0002
497,Koen E. A. van de Sande
498,Bevan Koopman
499,Miguel A. Garc&iacute;a-Cumbreras
500,Concetto Spampinato
501,St&eacute;fan Jacques Darmoni
502,Heung-Seon Oh
503,Sairam Gurajada
504,Stefan Kahl
505,David Martins de Matos
506,Jimmy
507,Haoliang Qi
508,Annalina Caputo
509,Charles E. Kahn Jr.
510,Matthew S. Simpson
511,Yuchul Jung
512,Itheri Yahiaoui
513,Liting Zhou
514,Manoj Kumar Chinnakotla
515,Olatz Ansa
516,Giovanni Semeraro
517,Cyril Grouin
518,Eduardo F. Morales
519,Michael Mulcahy
520,Massih-Reza Amini
521,Anne Schuth
522,Santiago Correa
523,Guillermo Garrido
524,Mouna Torjmen
525,Antonio Ju&aacute;rez-Gonz&aacute;lez
526,Lu&iacute;s Sarmento
527,Mathias Creutz
528,Simon Clematide
529,Ivano Masiero
530,Gianmaria Silvello
531,Lynda Tamine
532,G&aacute;bor Sz&uuml;cs
533,Luis Enrique Sucar
534,Alexei Belov
535,D&aacute;vid Papp
536,Anni J&auml;rvelin
537,Cristian Grozea
538,Iv&aacute;n Vladimir Meza Ru&iacute;z
539,&Aacute;ngel Mart&iacute;nez-Gonz&aacute;lez
540,Birger Larsen
541,Aude Robert
542,Zhisheng Li
543,Ashnil Kumar
544,Javier Parapar
545,Simon Suchomel
546,Roser Morante
547,Martin Halvey
548,Arunav Mishra
549,Martin Theobald
550,Habibollah Asghari
551,Md Zia Ullah
552,Diego Antonio Rodr&iacute;guez Torrej&oacute;n
553,Suzana Loskovska
554,Dolf Trieschnigg
555,Nawal Ould Amer
556,Mandar Mitra
557,Theo Gevers
558,Xabier Arregi
559,Marc El-B&egrave;ze
560,Emmanuel Desmontils
561,Hongfang Liu
562,Patrick Juola
563,Ilia Markov
564,Ricardo Ribeiro 0001
565,Anna Vartapetiance
566,Fa&iuml;ez Gargouri
567,Carlos A. Hern&aacute;ndez
568,Yurii Palkovskii
569,Marin Ferecatu
570,Elaine G. Toms
571,Lu&iacute;sa Coheur
572,Gabriella Kazai
573,Julien Ah-Pine
574,Karim Benzineb
575,Pavel Ircing
576,Menno van Zaanen
577,Vincent Wade
578,Christine Largeron
579,Taher Rahgooy
580,Gilles S&eacute;rasset
581,Khalid Choukri
582,Jinman Kim
583,Yassine Benajiba
584,Miguel A. Alonso
585,Joan Benavent
586,Christine Jacquin
587,Okan Ozturkmenoglu
588,Danielle L. Mowery
589,Burak Acar
590,Neda Barzegar Marvasti
591,Emmanuel Dellandr&eacute;a
592,Ana Gonz&aacute;lez-Ledesma
593,Kula Kekeba Tune
594,Kerstin Bischoff
595,Massimo Melucci
596,Philipp Daumke
597,Brian Bakke
598,Dirk Veiel
599,Sadid A. Hasan
600,Andrzej Pronobis
601,Katia Vila
602,Edwin Thuma
603,Fleur Mougin
604,Simone Palazzo
605,Qiuyue Wang
606,Xu-Cheng Yin
607,Juliane Stiller
608,Miguel Cazorla
609,Jorge Fombella
610,Chuleerat Jaruskulchai
611,Tatsuya Harada
612,Daniel Zeman
613,Wouter Alink
614,Alan F. Smeaton
615,K&aacute;roly Csalog&aacute;ny
616,William Hatt
617,Lori S. Levin
618,Arnold Overwijk
619,Andreas Juffinger
620,Jakob Klok
621,Paloma Mart&iacute;nez Fern&aacute;ndez
622,Timo J&auml;rvinen
623,Christian Spurk
624,Prasad Pingali
625,Mihai Surdeanu
626,Istv&aacute;n B&iacute;r&oacute;
627,Samir Kanaan
628,Pierre-Yves Berger
629,Matti Varjokallio
630,Federica Vezzani
631,Dipankar Das 0001
632,S&iacute;lvia Barcellos Southwick
633,Mingjing Li
634,Robert Herms
635,Geoffrey Andogah
636,Dagobert Soergel
637,Edward W. D. Whittaker
638,Vanessa L&oacute;pez
639,Evangelos E. Milios
640,Tolga Berber
641,Maarten Marx
642,Tim Gollub
643,Dong Nguyen
644,Zsolt Fekete
645,Samir Abdou
646,Yan Qu
647,Alexander Binder
648,Gilad Mishne
649,Gabriela Ram&iacute;rez-de-la-Rosa
650,Ryen W. White
651,Nuno J. Mamede
652,Fredrik Olsson
653,Carla Teixeira Lopes
654,Sameer Pradhan
655,Marie-Francine Moens
656,Sebastian Spiegler
657,Francesco Orabona
658,Maria Jos&eacute; Garciarena Ucelay
659,Sadaoki Furui
660,Tamara Mart&iacute;n-Wanton
661,Md Bayzidul Islam
662,Ren&eacute; Spijker
663,Marcin Detyniecki
664,Procheta Sen
665,Yuichi Kojima
666,Tomohiro Takagi
667,Marius Popescu
668,Roeland Ordelman
669,Jun Luo
670,Bruno Gol&eacute;nia
671,Karin M&uuml;ller 0002
672,Qi Tian 0002
673,Anna Khasin
674,Kieran McDonald
675,Sa&uacute;l Le&oacute;n
676,Gil Francopoulo
677,John Tait
678,Yiming Yang
679,Hugo Molina-Salgado
680,Estela Saquete
681,Oladimeji Farri
682,Munirathnam Srikanth
683,Miguel A. Sanchez-Perez
684,Saber A. Akhondi
685,Amel Ksibi
686,Ludovic Tanguy
687,Gianni Amati
688,Josiah Wang
689,Salar Mohtaj
690,David Lyndon
691,Dennis Reidsma
692,Pavel Braslavski
693,Shih-Hung Wu
694,Paula Carvalho
695,Xiaoli Huang
696,Hessel Haagsma
697,Daniel Keysers
698,Guergana K. Savova
699,Dragi Kocev
700,Lorenza Moreno-Monteagudo
701,Nathalie Aussenac-Gilles
702,Stefano Bromuri
703,Patrice Lopez
704,Carl Vogel
705,Emilie Dumont
706,Yusuke Miyao
707,St&eacute;phane Chaudiron
708,Christian S&aacute;nchez-S&aacute;nchez
709,Christophe Moulin
710,Jinming Min
711,Bo-Wen Zhang
712,Edgar Gonz&aacute;lez
713,Brian Roark
714,Mustapha Baziz
715,Claudio Carpineto
716,Roel Brand
717,David A. Evans 0001
718,G&uuml;nther Specht
719,Changsheng Xu
720,Alon Lavie
721,Miguel Angel Var&oacute;
722,Josef R. Novak
723,Danny Kowerko
724,V&iacute;ctor Fresno
725,Pashutan Modaresi
726,Elizabeth Lund
727,Olivier Hamon
728,Nawel Nassr
729,Giovanni Romano 0002
730,Wendy W. Chapman
731,Johan Bos
732,Graeme Hirst
733,Giuseppe Santucci
734,Lamia Hadrich Belguith
735,Jorge Vivaldi
736,Marian Olteanu
737,Daniel Vidal
738,Leilei Kong
739,Andr&eacute; Pinto Geraldo
740,Georges Qu&eacute;not
741,Romain Deveaud
742,Ke Zhang
743,Laure Soulier
744,Diem Thi Hoang Le
745,Reeta Kuuskoski
746,Ali Mustafa Qamar
747,Ainhoa Llorente
748,Mehdi Embarek
749,Lori Lamel
750,Irene Rodrigues 0001
751,Peter A. Flach
752,Jorge A. Vanegas
753,Eugene Kim
754,Fang Zhou
755,Ying Zhang
756,Erwan Moreau
757,D&aacute;vid M&aacute;rk Nemeskey
758,Mouna Torjmen Khemakhem
759,Thomas B&ouml;ttcher
760,Frances C. Johnson
761,Matthias H. Heie
762,Maria Medvedeva
763,Jos&eacute; C. Gonz&aacute;lez-Crist&oacute;bal
764,Peter van der Weerd
765,Herika Hayurani
766,Borja Navarro-Colorado
767,Hailing Jiang
768,Juan C. Caicedo
769,Nils Schaetti
770,Mitchell Bowden
771,Annabelle Mercier
772,Francisco J. Ribadas
773,Anastasia Krithara
774,Tobias Gass
775,Ian Lewin
776,Ildar Z. Batyrshin
777,Georgios Paliouras
778,Jochen L. Leidner
779,Adam Rae
780,Jorge Machado
781,Colm O'Riordan
782,Roberto Cornacchia
783,Lu&iacute;s Miguel Cabral
784,Ken Williams
785,Andr&aacute;s Ser&eacute;ny
786,Pasin Suriyentrakorn
787,Joris van Rantwijk
788,Vahid Zarrabi
789,Manuel C. D&iacute;az
790,Joey Liu
791,Jos&eacute; Luis Borbinha
792,Manuel Vilares Ferro
793,Daniel Richter
794,Katja Hofmann
795,Daniela Becks
796,Arjumand Younus
797,Yang Song
798,Christophe Ducottet
799,Ellen M. Voorhees
800,Wei Xiong 0001
801,Yuan Ling
802,Maria das Gra&ccedil;as Volpe Nunes
803,Rami Albatal
804,S&eacute;bastien Paris
805,Maria Paula Villegas
806,Gregory Grefenstette
807,Andrew Gilbert
808,Michel Simard
809,Amir Hossein Jadidinejad
810,Rub&eacute;n Izquierdo-Bevi&aacute;
811,Isma&iuml;l Timimi
812,Laurent Romary
813,Krystian Mikolajczyk
814,Claudia Denicia-Carral
815,Daniela Petrelli
816,Oskar Kohonen
817,Lu&iacute;s Costa
818,Jinwook Choi
819,Daniel Castro-Castro
820,Brett R. South
821,Arun Jayapal
822,Elena Cabrio
823,Simone Romagnoli
824,Guillaume Bernard
825,C&eacute;cile Barat
826,Lawrence Cavedon
827,Sergio Ferr&aacute;ndez
828,Sebastian Walter
829,German Rigau
830,Ludek M&uuml;ller
831,Herv&eacute; D&eacute;jean
832,Tamer Elsayed
833,Samuel Driessen
834,Camilla Sanvitto
835,Thomas Arni
836,Emilie Pasche
837,Gebrekirstos G. Gebremeskel
838,Stefania Marrara
839,Suzan &Uuml;sk&uuml;darli
840,Alberto Ruiz-Cristina
841,Hermann Ziak
842,David Randall
843,Christoph Rasche
844,Nicola Stokes
845,Manos Tsagkias
846,Golnoosh Farnadi
847,Wei Li 0054
848,Maik Anderka
849,Christophe Millet
850,Hong Wu
851,Sheng Gao
852,M. Rami Ghorab
853,Abdul Sittar
854,Darina Slattery
855,Nikos Markantonatos
856,Kayhan Batmanghelich
857,Henning Rode
858,Juli&aacute;n Moreno Schneider
859,Xiaojie Liu
860,Vera Bakic
861,Marcel Trotzek
862,Giulia Boato
863,Johannes Kiesel
864,Elena Irimia
865,Wajdi Zaghouani
866,Peter Dunker
867,Michael Poprat
868,Yueyao Wang
869,Nesrine Ksentini
870,Julia Maria Schulz
871,Soto Montalvo
872,Philip Arthur
873,Eug&eacute;nio C. Oliveira
874,Elvys Linhares Pontes
875,Bart Thomee
876,Helbert Arenas
877,Athanasios Lagopoulos
878,Shuqiang Jiang
879,Jieping Xu
880,Daniel Micol
881,Mike Kestemont
882,Heshaam Faili
883,Richard McCreadie
884,Hafiz Rizwan Iqbal
885,Uri Avni
886,Zhongyuan Han
887,Jorge Teixeira
888,Mar&iacute;a P&eacute;rez Catal&aacute;n
889,Amel Znaidia
890,Arnaud Gaudinat
891,Monica Lestari Paramita
892,Robert J. Gaizauskas
893,Pok Chin
894,Constantin Vertan
895,Martin Gleize
896,Xiaoguang Rui
897,Messaoud Chaa
898,Tebo Leburu-Dingalo
899,Xirong Li
900,Mitra Mohtarami
901,Linda Andersson
902,Maite Mart&iacute;n-Valdivia
903,Diana Zaiu Inkpen
904,Javi Fern&aacute;ndez
905,Maddalen Lopez de Lacalle
906,Marcelo Luis Errecalde
907,No&eacute;mie Elhadad
908,James G. Mork
909,Nkwebi Peace Motlogelwa
910,Mathias Lux
911,Jaschar Domann
912,Quoc-Chinh Bui
913,Marc Ritter
914,Magdalena Jankowska
915,Roy Khristopher Bayot
916,Hua Yang
917,Carlos Rodr&iacute;guez-Lucatero
918,Buzhou Tang
919,Wulfrano Arturo Luna-Ram&iacute;rez
920,John Edison Arevalo Ovalle
921,Yang Loong Chang
922,Zubair Afzal
923,Giovanni Da San Martino
924,Diane Lingrand
925,Eduardo Pinho
926,Pavel Zezula
927,Alexandra Balahur
928,Catherine Berrut
929,Evgenia Vassilakaki
930,Marc Franco-Salvador
931,Hagit Shatkay
932,Hayit Greenspan
933,Josef Steinberger
934,Chlo&eacute; Cabot
935,Valentin Zhikov
936,Vincent Andrearczyk
937,David Milward
938,Yaohai Huang
939,Parvaz Mahdabi
940,Manos Laliotis
941,Dan Li
942,Melanie Imhof
943,Didier Coquin
944,Johannes Hellrich
945,Pavel Ceska
946,Rich&aacute;rd Farkas
947,Ralf Schenkel
948,Omar Nouali
949,Hosein Azarbonyad
950,Carlos Costa 0001
951,Seifeddine Mechti
952,Emanuele Di Buccio
953,Maher Jaoua
954,Thierry Pun
955,Gabriel Illouz
956,Qinan Hu
957,Sue Han Lee
958,Heidy Marisol Mar&iacute;n Castro
959,Motoaki Kawanabe
960,Masoud Rahgozar
961,Anne Diekema
962,Guillaume Jacquet
963,Lee M. Christensen
964,Andreas Eiselt
965,Mariana L. Neves
966,Spas Kyuchukov
967,Saso Dzeroski
968,Suraj Maharjan
969,Pepa Atanasova
970,Lamjed Ben Jabeur
971,Xiangying Jiang
972,Maria Simi
973,Daniel Barth&eacute;l&eacute;my
974,Yun He
975,Antoine Vacavant
976,Christian Lovis
977,Ningning Liu
978,Ana&iuml;s Ollagnier
979,Andr&eacute;a Carneiro Linhares
980,Liviu-Daniel Stefan
981,Joep J. M. Kierkels
982,Luis Pellegrin
983,Mohammad Soleymani
984,Caglar Tirkaz
985,Llu&iacute;s M&agrave;rquez
986,Guillaume Cerutti
987,Sanmitra Bhattacharya
988,Ali Hosseinzadeh Vahid
989,Verginica Barbu Mititelu
990,Baptiste Chardon
991,Malek Hajjem
992,Fr&eacute;d&eacute;ric Precioso
993,Yong Han
994,Fabio Rinaldi 0001
995,Jorge S&aacute;nchez
996,Vlado Keselj
997,Mario Zechner
998,Chee Seng Chan
999,Ghada Feki
1000,Matthew Trappett
1001,Milan Sulc
1002,Jamal Ahmad Khan
1003,Martha Tatusch
1004,Lina Fatima Soualmia
1005,Jan Kasprzak
1006,Frantz Thiessard
1007,D&aacute;niel Lovas
1008,Hongyu Liu
1009,Trong-Ton Pham
1010,Jaroslav Kuchar
1011,Paloma Moreda
1012,Rafael Berlanga Llavori
1013,Donald B. Crouch
1014,Liang-Pu Chen
1015,Erwin Chan
1016,Chris McCool
1017,Qin Jin
1018,Hua Xu 0001
1019,Jos&eacute; M. G&oacute;mez
1020,Sen Na
1021,Antoine Doucet
1022,Fei Yan 0001
1023,Jean-Fran&ccedil;ois Molino
1024,Istv&aacute;n Petr&aacute;s
1025,Laure Tougne
1026,Muhammad Atif Qureshi 0001
1027,Jacob Goldberger
1028,Richard J. Hartley
1029,Julia J&uuml;rgens
1030,Reem Suwaileh
1031,Asma Ben Abacha
1032,Gibran Fuentes
1033,Chahinez Benkoussas
1034,Emilio Rodr&iacute;guez V&aacute;zquez de Aldana
1035,Martin Tippmann
1036,V&iacute;ctor Manuel Darriba Bilbao
1037,Nozha Boujemaa
1038,Leonidas Valavanis
1039,Petra Welter
1040,Christophe Botella
1041,Zhongqiu Zhao
1042,Karam Abdulahhad
1043,Philip Heng Wai Leong
1044,St&eacute;phane Huet
1045,Maximilien Servajean
1046,Lukas Graner
1047,Udo Hahn
1048,Paola Ledesma
1049,Alfonso E. Romero
1050,Dawei Song 0001
1051,Cristian-Alexandru Dragusanu
1052,Michal Batko
1053,Bouke Huurnink
1054,Roghaiyeh Gachpaz Hamed
1055,Jing Liu 0001
1056,Gayo Diallo
1057,Carolyn J. Crouch
1058,Philipp Sorg
1059,Min Jiang
1060,Manish Shrivastava 0001
1061,Maher Ben Jemaa
1062,Udo Kruschwitz
1063,Avi Arampatzis
1064,Maria Maistro
1065,Andreea Bodnari
1066,Gr&eacute;goire Rey
1067,Prasha Shrestha
1068,Gabriel Oberreuter
1069,Zhiyong Lu
1070,Jiri Matas
1071,Xiaoshi Zhong
1072,Yuridiana Alem&aacute;n
1073,Karl Kreiner
1074,Nazanin Dehghani
1075,Roger Schaer
1076,Samira Abnar
1077,Fariborz Mahmoudi
1078,Tapio Salakoski
1079,Francisco J. Ribadas-Pena
1080,Xabier Saralegi
1081,Chandra Kambhamettu
1082,Alan R. Aronson
1083,Andy Way
1084,Petra Bud&iacute;kov&aacute;
1085,Bonaventura Coppola
1086,Dimitrios Markonis
1087,Veronika Zenz
1088,Yunqing Xia
1089,Emmanuel Ferreira
1090,Sebastian Gerke
1091,Sudip Kumar Naskar
1092,Waqas Arshad Cheema
1093,Tom&aacute;s Kliegr
1094,Vera L&uacute;cia Strube de Lima
1095,Michael Burke
1096,Rong-Sing Huang
1097,Jos&eacute; Gayo-Avello
1098,Holger Klinck
1099,Olivier Buisson
1100,Azucena Montes
1101,Toaki Esa&uacute; Villareal Olvera
1102,Mahboob Alam Khalid
1103,Mark Knudson
1104,Van-Minh Pho
1105,Raquel M. Crespo Garc&iacute;a
1106,Georgios Balikas
1107,Alexandre Delorme
1108,Dongyan Zhao 0001
1109,Narges Tavakolpoursaleh
1110,Nefise Meltem Ceylan
1111,Leticia C. Cagnina
1112,Bart Mellebeek
1113,Oliver Ferschke
1114,Duy Dinh
1115,Santiago Gonz&aacute;lez-Tortosa
1116,Alexandra Ploedt
1117,Muharram Mansoorizadeh
1118,Louise Del&eacute;ger
1119,Abhishek Kolagunda
1120,Seonyeong Park
1121,George Rosca
1122,Daniel Dichiu
1123,Loredana Vamanu
1124,Rosa Mar&iacute;a Ortega-Mendoza
1125,Zhijuan Zhang
1126,Jen-Yuan Yeh
1127,Konstantinos Zagoris
1128,Faisal Alvi
1129,Juan Manuel Cigarr&aacute;n Recuero
1130,Andr&eacute;s Montejo
1131,Michael Bagur
1132,Ben Carterette
1133,Damian Bargiel
1134,Corina Dima
1135,Hatem Awadi
1136,Jacinto Mata V&aacute;zquez
1137,David M. Zajic
1138,Yuanning Li
1139,Anna Beyer
1140,Linlin Ge
1141,Gracinda Carvalho
1142,I&ntilde;aki Alegr&iacute;a Loinaz
1143,Jiayu Tang
1144,Kirat Sekhon
1145,Guido de Croon
1146,Franck Sajous
1147,Davide Malagoli
1148,Sudeshna Sarkar
1149,Azadeh Pishdad
1150,J. Andrew McCulloh
1151,Miguel A. S&aacute;nchez-P&eacute;rez
1152,Dipasree Pal
1153,Novi Patricia
1154,Jiyin He
1155,Laurianne Sitbon
1156,Sujan Kumar Saha
1157,Ioannis Partalas
1158,Vicente Morell
1159,Paul Mousset
1160,Doaa Samy
1161,Liming Chen 0002
1162,Sara Atito
1163,Dhruv Khattar
1164,Zi Yang
1165,Xue Li
1166,Prokopis Prokopidis
1167,Etienne Gadeski
1168,Christian R. Huyck
1169,L&eacute;a Laporte
1170,Kareem Darwish
1171,Jo&atilde;o Batista Florindo
1172,Alaa Halawani
1173,Rafael Mu&ntilde;oz Guillena
1174,Thijs Westerveld
1175,Faneva Ramiandrisoa
1176,Zulfat Miftahutdinov
1177,Attila Pereszl&eacute;nyi
1178,Angelo Basile
1179,A. Kumaran 0001
1180,Sofi&egrave;ne Mouine
1181,Dongqing Zhu
1182,Theo W. C. Huibers
1183,Ernesto Jim&eacute;nez
1184,Patrick Probst
1185,Aminul Islam
1186,Shanfeng Zhu
1187,Immanuel Schwall
1188,Piotr Malak
1189,John A. Goldsmith
1190,Xiangyang Li 0002
1191,Shengwen Peng
1192,Robert Layton
1193,Braja Gopal Patra
1194,Feifan Liu
1195,Alexei Yavlinsky
1196,Cheng Tan
1197,Assaf B. Spanier
1198,Antonio Toral Ruiz
1199,Anthony N. Nguyen
1200,Hector Llorens
1201,Sabino Miranda-Jim&eacute;nez
1202,Richard Dufour
1203,Yaakov HaCohen-Kerner
1204,Mohamed Ettaleb
1205,Juan D. Vel&aacute;squez
1206,Chedid Haddad
1207,Qian Zhu
1208,Eugenia Matoyo
1209,Amineh Ghorbani
1210,Clara I. Cabezas
1211,Fuman Jin
1212,Alejandro H&eacute;ctor Toselli
1213,P&eacute;ter Hal&aacute;csy
1214,Daniel Gayo-Avello
1215,Irina-Diana Lungu
1216,Ulf Leser
1217,Laura-Maria Murtola
1218,Maria-Hendrike Peetz
1219,Alfonso Valencia
1220,Jan Paetzold
1221,Veera Raghavendra Chikka
1222,Elena Lloret
1223,Gordon V. Cormack
1224,Traian Rebedea
1225,Gaston L'Huillier
1226,Jianhan Zhu
1227,Jingchi Jiang
1228,Mihaela Juganaru-Mathieu
1229,Juan Jos&eacute; Pantrigo
1230,Yvonne Skalban
1231,Dario G. Funez
1232,Korn&eacute;l G. Mark&oacute;
1233,Ismat Ara Reshma
1234,Wendy Webber Chapman
1235,Rejwanul Haque
1236,Harith T. Al-Jumaily
1237,Rinawati
1238,Jan-Hendrik Scheufen
1239,Alistair Moffat
1240,M&uuml;jdat &Ccedil;etin
1241,Nicola Cancedda
1242,Paul R. Dixon
1243,Meriem Amina Zingla
1244,Jos&eacute; Palazzo M. de Oliveira
1245,Varun Sood
1246,Svetlana Soglasnova
1247,Covadonga Rodrigo
1248,Caroline Sporleder
1249,Patr&iacute;cia Sousa
1250,Ren&eacute; Schneider
1251,Yan Xu
1252,Xinhang Song
1253,Anne Verroust-Blondet
1254,Eric Blaudez
1255,Solange de L. Pertile
1256,Ricardo Mones
1257,Eric Nyberg
1258,Mahmood Kazi Mohammed
1259,Ritesh Kumar
1260,Giovanna Roda
1261,Tudor-Alexandru Dobrila
1262,Halina Kwasnicka
1263,Pilar L&oacute;pez-&Uacute;beda
1264,S&eacute;bastien Ferr&eacute;
1265,Julien Gaillard
1266,Roxana Teodorescu
1267,Luciana Bordoni
1268,Tsvetomila Mihaylova
1269,Chun Hua Zhao
1270,Arnold W. M. Smeulders
1271,Qianqian Lu
1272,Eugene Charniak
1273,Franciska M. G. de Jong
1274,Reynier Ortega Bueno
1275,Avinash Kamineni
1276,Javad Rafiei
1277,Ivandr&eacute; Paraboni
1278,Chia-Wei Ku
1279,Heiko Schuldt
1280,Tiantian Liu
1281,Xu Zhang
1282,Michela Bacchin
1283,Ragia Ibrahim
1284,Vundavalli Srinivasarao
1285,Elzbieta Dura
1286,Jean-Christophe Lombardo
1287,Desislava Petkova
1288,Tomoki Taniguchi
1289,Stuart Shapiro
1290,Micheline Beaulieu
1291,Roberto Tronci
1292,Xuwen Wang
1293,Teerapong Leelanupab
1294,Hendrik Vincent Koops
1295,Akira Maeda
1296,Guillaume Bourdil
1297,Kalyankumar Datta
1298,Antonio S. Montemayor
1299,Jagadeesh Jagarlamudi
1300,Laura Tolosi
1301,David Cruz
1302,John Judge
1303,Daniel Racoceanu
1304,Wouter Weerkamp
1305,Mariam Tariq
1306,Asif Ekbal
1307,Zhi Zhou
1308,Natalia Grabar
1309,Qi Li
1310,Estela Saquete Bor&oacute;
1311,Tiphaine Dalmas
1312,Nils Pharo
1313,Daniel Hienert
1314,Jakob Grue Simonsen
1315,Oier Lopez de Lacalle
1316,Ergina Kavallieratou
1317,Ren&eacute;e Pohlmann
1318,Irina Matveeva
1319,Roberto Turrin
1320,Jes&uacute;s A. Gonz&aacute;lez
1321,Diego Moll&aacute;
1322,Cuixia Du
1323,Zsuzsa Weiner
1324,Joshua C. Denny
1325,Yahya Slimani
1326,Farah Benamara
1327,Robert B. Fisher
1328,Rahil Garnavi
1329,Caroline Barri&egrave;re
1330,Am&eacute;lie Imafouo
1331,Victoria Elizalde
1332,Laurens van der Werff
1333,Julie Budaher
1334,Andi Rexha
1335,John Anton Chrisostom Ronald
1336,Max Mignotte
1337,Alecsandru Grigoriu
1338,Piek Vossen
1339,George-Razvan Oancea
1340,Concepci&oacute;n Polo-Bayo
1341,Xiaolong Wang 0006
1342,Brandon Iles
1343,Gary Geunbae Lee
1344,Jesus A. Gonzalez
1345,Santanu Pal
1346,Khaled F. Shaalan
1347,Jurica Seva
1348,M. A. Garc&iacute;a
1349,S. V. Ramanan
1350,Fionn Murtagh
1351,Gunnar Eriksson
1352,Mario Jarmasz
1353,Yusuke Kamoi
1354,B&aacute;lint P&aacute;l T&oacute;th
1355,Raquel Mart&iacute;nez-Unanue
1356,Hen-Hsen Huang
1357,Yonghui Wu
1358,Gang Yang 0001
1359,June M. Abbas
1360,Yoshiki Niwa
1361,Elyashiv Shayovitz
1362,Stefan Bordag
1363,X. Alvarado
1364,S. M. Jaisakthi
1365,Annius Groenink
1366,Ayt&uuml;l Er&ccedil;il
1367,Yasushi Ogawa
1368,Savvas A. Chatzichristofis
1369,Meriama La&iuml;b
1370,Teresa Holfeld
1371,Boris V. Dobrov
1372,Christopher Norman
1373,Iv&aacute;n Olmos
1374,Elena Tutubalina
1375,Franco Rojas L&oacute;pez
1376,Jianke Zhu
1377,Zheng Ye
1378,Andr&aacute;s Kornai
1379,Katrin Lamm
1380,Ragnar Nordlie
1381,Ehsan Kamalloo
1382,Suresh Manandhar
1383,Mohammad Aminian
1384,S&aacute;ndor Szedm&aacute;k
1385,Alexander S. Yeh
1386,Graham Neubig
1387,Ville Viitaniemi
1388,Ashequl Qadir
1389,Alberto Sim&otilde;es
1390,Zo&euml; Bathie
1391,S. H. Ong
1392,Caroline Lacoste
1393,Ioannis A. Kakadiaris
1394,Deniz Kilin&ccedil;
1395,Kamil Safin
1396,Jo&atilde;o Guimar&atilde;es
1397,Jos&eacute; Carlos Toucedo
1398,Pedro Paulo Balage Filho
1399,Hans Burkhardt
1400,Dingcheng Li
1401,Burcu Can
1402,Douglas Theodoro
1403,Hung-Hsuan Chen
1404,Thomas Mensink
1405,Roland Roller
1406,Clement H. C. Leung
1407,Christine Doran
1408,Pratyush Banerjee
1409,Wolfgang Macherey
1410,Julien Velcin
1411,Laurent Gillard
1412,Benjamin Herbert
1413,Helj&auml; Lundgr&eacute;n-Laine
1414,Badisse Dahamna
1415,Jan Botorek
1416,Rafael Guzm&aacute;n-Cabrera
1417,Antonios Anagnostou
1418,Alin Ceausu
1419,Srinivasa Rao Godhavarthy
1420,Julian St&ouml;ttinger
1421,Mohamed Issolah
1422,Joel Adams
1423,Gy&ouml;rgy Szarvas
1424,Janine Garc&iacute;a-Morera
1425,Hans Moen
1426,Chao Yang
1427,Qiang Chen
1428,Michael H. F. Wilkinson
1429,Irene Sanchez
1430,Luo Si
1431,Florian Boudin
1432,Hongfei Lin
1433,Yanshan Wang
1434,P. Punitha
1435,Nicolas Maillot
1436,Patrick Ndjiki-Nya
1437,Chris Callison-Burch
1438,Masatoshi Yoshikawa
1439,Mitchell P. Marcus
1440,Payam Karisani
1441,Wataru Kameyama
1442,Simon R&aacute;cz
1443,Ulf Hermjakob
1444,Lea Helmers
1445,Devrim &Uuml;nay
1446,Mitra Akasereh
1447,Bilal Ghanem
1448,Nayanika Dogra
1449,Luminita Chiran
1450,Cristina Ribeiro 0001
1451,Jonathan Clark
1452,Kathy Lee
1453,Mar&iacute;a del Mar Rold&aacute;n Garc&iacute;a
1454,Victor Martinez
1455,Imene Bensalem
1456,Xueliang Yan
1457,Samadrita Banerjee
1458,Demetrios G. Glinos
1459,Shunsuke Uemura
1460,Yi Li
1461,Naoyuki Gunji
1462,S. Tolga Yildiran
1463,Chris Pool
1464,Andrew Trotman
1465,Mathias Verbeke
1466,Emanuele Pianta
1467,Juha Makkonen
1468,Om P. Damani
1469,Josu&eacute; Gerardo Guti&eacute;rrez Hern&aacute;ndez
1470,Sandipan Dandapat
1471,Lydia-Mai Ho-Dac
1472,Lisa Ballesteros
1473,Alexandrina Rogozan
1474,Ahmad Khwileh
1475,Carolina Mart&iacute;n-Del-Campo-Rodr&iacute;guez
1476,Abdelaziz Bensrhair
1477,Keith van Rijsbergen
1478,Chee Wee Leong
1479,Charles Yang 0001
1480,S&eacute;bastien Fournier
1481,Declan Groves
1482,Paul H. Lewis
1483,Alberto D&iacute;az 0001
1484,Anuj Goyal
1485,Alexei Vinokourov
1486,Farah Harrathi
1487,Nathalie Denos
1488,C. Lee Giles
1489,Eric Medvet
1490,Leonardo Campillos Llanos
1491,Leila Safari
1492,Hubert Naets
1493,Xiaohua Liu
1494,Enrique M&eacute;ndez D&iacute;az
1495,Elisabeth Wolf
1496,Bob Planqu&eacute;
1497,Sebasti&aacute;n A. R&iacute;os
1498,Adam Pawlowski
1499,Jamie Callan
1500,Adamantios Minas
1501,Ion Androutsopoulos
1502,Parisa Kordjamshidi
1503,Mark Kr&ouml;ll
1504,Ryo Izawa
1505,Douglas Teodoro
1506,Indra Budi
1507,Marcelo Errecalde
1508,Ismail Fahmi
1509,Kalina Bontcheva
1510,Pedro Salgueiro
1511,Erik Graf
1512,Petr Baudis
1513,Pushpak Bhattacharyya
1514,Pascha Iljin
1515,Carmen Alvarez
1516,Philipp Mayr
1517,Hugo Jair Escalante Balderas
1518,Fabio Massimo Zanzotto
1519,Shuai Liao
1520,El&iacute;as F. Combarro
1521,Antti J&auml;rvelin
1522,Mario Graff
1523,Luc Plamondon
1524,Jo&atilde;o Figueira Silva
1525,Gonzalo Le&oacute;n
1526,Daniela Alderuccio
1527,Mehdy Eskandari
1528,Christof M&uuml;ller
1529,David Massey
1530,David Cabrero Souto
1531,Amal Alharbi
1532,Fahad Najib
1533,Mario Taschwer
1534,Iria da Cunha
1535,Enrique Vidal 0001
1536,Yansong Feng
1537,Rui Hu
1538,Tony Valsamidis
1539,Eero Sormunen
1540,Mohamed Morchid
1541,Matthias Becker 0005
1542,Manuel J. Ma&ntilde;a L&oacute;pez
1543,Karolin Nagel
1544,Khadijeh Khoshnava
1545,Robin Aly
1546,Anthony Deacon
1547,Vincent P. Wade
1548,Stefan Schlobach
1549,Aur&eacute;lie Rossi
1550,Nicu Sebe
1551,Lokesh Setia
1552,Michael Nossal
1553,Tiejun Huang
1554,Shizhu He
1555,Li Xing
1556,Nada Naji
1557,Marco Angelini
1558,Kuang-hua Chen
1559,Rithesh Sreenivasan
1560,Christine Swisher
1561,Massimo Poesio
1562,Lucian Vlad Lita
1563,Renata Galante
1564,Gaurav Singh
1565,Gondy Leroy
1566,Siang Thye Hang
1567,Lionel Ramadier
1568,Francisco Manuel Rangel Pardo
1569,Giacomo Inches
1570,Asma Damankesh
1571,Aris Kosmopoulos
1572,Rafael Mu&ntilde;oz-Terol
1573,Thi-Lan Le
1574,Satoshi Nakamura 0001
1575,Marc Stogaitis
1576,Rama Pandugita
1577,Florian Dietz
1578,Xixi He
1579,Thiago Alexandre Salgueiro Pardo
1580,Nicolas Usunier
1581,Daniel Heesch
1582,Iris Hendrickx
1583,Paolo Curtoni
1584,Yannis Papanikolaou
1585,Roberto Navigli
1586,Soumya Gayen
1587,Jun Zhao 0001
1588,Tapabrata Mondal
1589,Peter Clark
1590,Luis Carlos Gonz&aacute;lez-Gurrola
1591,Anne G&ouml;hring
1592,Jorge E. Camargo
1593,Jiquan Ngiam
1594,Jorge Miguel Silva
1595,Carlos Arturo Hern&aacute;ndez-Gracidas
1596,Daniel Marcu
1597,Hanlin Goh
1598,Richard M. Schwartz
1599,Florent Perronnin
1600,Jos&eacute; Luis Delgado
1601,Li-Ji Gaou
1602,Jiayi Chen
1603,James Pustejovsky
1604,Gustavo Hern&aacute;ndez
1605,Abraham Duarte
1606,Huu Nghia Huynh
1607,Claude St. Jacques
1608,Ovidiu Ionescu
1609,Leo Joskowicz
1610,Hossein Nasr Esfahani
1611,Marta Tatu
1612,Aar&oacute;n Pancardo-Rodr&iacute;guez
1613,Yuqing Mao
1614,I&ntilde;aki Alegria
1615,Justus H. Piater
1616,Falk Scholer
1617,Jo&atilde;o Marcelo Azevedo Arcoverde
1618,Vivek V. Datla
1619,Lucia Hervas
1620,Supheakmungkol Sarin
1621,David Mark
1622,Lorenza Moreno
1623,C&eacute;dric Lemaitre
1624,&Aacute;gnes Gyarmati
1625,David Nadeau
1626,Mijail Alexandrov Kabadjov
1627,Matthew Lease
1628,Peng Liu
1629,Anilu Franco-Arcega
1630,Sakriani Sakti
1631,Razieh Rahimi
1632,Jorma Laaksonen
1633,Guan-Bin Chen
1634,R&oacute;bert Pethes
1635,Andr&eacute;s Alfonso Caurcel D&iacute;az
1636,Leili Farzinvash
1637,Leticia Cecilia Cagnina
1638,Fernando Batista
1639,Michael R. Lyu
1640,Neil Cooke
1641,Antonia Aguilar
1642,Gerardo Sierra
1643,Rita Kuznetsova
1644,Palaniappan Mirunalini
1645,Daniela Moctezuma
1646,Arnau Ramisa
1647,Ingo Schmitt
1648,Piyush Grover
1649,Ludovic Bonnefoy
1650,Lei Wu
1651,Sabrina Fontanella
1652,Montserrat Mateos S&aacute;nchez
1653,Monica Landoni
1654,Derrick Higgins
1655,Fuji Ren
1656,Septian Adiwibowo
1657,Azzah Al-Maskari
1658,Adam Poulston
1659,Imane Allaouzi
1660,Daekeun You
1661,Fabiano Tarlao
1662,Mahmudur Rahman
1663,Alessandro Moschitti
1664,Georgeta Bordea
1665,Xiangji Huang
1666,Jes&uacute;s S&aacute;nchez-Oro
1667,Christian Hentschel
1668,Ivan Kitanovski
1669,Alexandra Balahur-Dobrescu
1670,Sebasti&aacute;n Sierra
1671,Nedim Lipka
1672,Ralf Steinberger
1673,Edson R. D. Weren
1674,Jaspreet Singh
1675,Jon D. Patrick
1676,Rodrigo Martinez
1677,George Demetriou
1678,Shreya Anand
1679,Andras Horti
1680,Yang Hu
1681,Alan P. Sexton
1682,Marco Gonzalez
1683,Umar Manzoor
1684,Jos&eacute; Pina
1685,Jos&eacute; Mar&iacute;a G&oacute;mez Hidalgo
1686,Yu Zhang 0052
1687,Kevin Bretonnel Cohen
1688,Waleed Arafa
1689,Kirk Roberts
1690,Luis M. de Campos Iba&ntilde;ez
1691,Viviana Beltr&aacute;n
1692,Dar&iacute;o Gustavo Funez
1693,Reza Karimpour
1694,Koen Lubbers
1695,Claude Chrisment
1696,Ahmed Id Oumohmed
1697,Paul E. van der Vet
1698,Jan Sediv&yacute;
1699,Yi Zhang
1700,Syntia Wijaya
1701,Yi Guan
1702,Inderjeet Mani
1703,Hiroko Mano
1704,Marco Fornoni
1705,Basilio Calderone
1706,Marta Garrote Salazar
1707,Michael Springmann
1708,Jos&eacute; Ranilla
1709,Tobias Schreck
1710,Yair Yigal
1711,Yasuhide Miura
1712,Izhak Shafran
1713,Kang Liu 0001
1714,Nasikhin
1715,Navot Akiva
1716,Tomoki Toda
1717,Haiming Liu 0002
1718,K&eacute;vin S&eacute;journ&eacute;
1719,Mikko Sepponen
1720,Boris Chidlovskii
1721,Timothy Chappell
1722,Frans Wiering
1723,Federica Beghini
1724,Francesca Bertagna
1725,Octavian Soldea
1726,Gareth Dwyer
1727,You-Heng Hu
1728,Mariska Leeflang
1729,Eugene Mbanya
1730,Jos&eacute; R. P&eacute;rez-Ag&uuml;era
1731,Wen Gao 0001
1732,Richard Berendsen
1733,Cosmina Croitoru
1734,Daniel Miller
1735,Wei Shen
1736,Michelangelo Castagnone
1737,Thomas D'Silva
1738,Kwang-Young Kim
1739,Kieran White
1740,Dan Stowell
1741,Jae-wook Ahn
1742,Yue Feng
1743,Marek Drejak
1744,Stefan Ruseti
1745,Joachim Wagner
1746,Sagar Ranadive
1747,Josef van Genabith
1748,Debasis Mandal
1749,Mark Truran
1750,Marie-Jean Meurs
1751,Pilar L&oacute;pez-Moreno
1752,Gabriele Murgia
1753,Sana Fakhfakh
1754,Ewine Smits
1755,Killian Janod
1756,Kyle Williams
1757,Joost de Wit
1758,Junwu Luo
1759,Juan Martinez-Romo
1760,Matej Martinc
1761,Jos&eacute; Manuel Perea Ortega
1762,P. Senthil Nathan
1763,Shao-Hui Feng
1764,Cor J. Veenman
1765,Obioma Pelka
1766,Martin Steinebach
1767,Luka Stout
1768,Alexandra Teynor
1769,Senay Kafkas
1770,Igor V. Filippov
1771,Jes&uacute;s Vilares Ferro
1772,Tomasz Adamek
1773,Olivier Mesnard
1774,Stephan Raaijmakers
1775,Jos&eacute; Francisco Aldana Montes
1776,Kisuh Ahn
1777,Yaritza Adame Arcia
1778,Mike Ebersbach
1779,Jonathon S. Hare
1780,Hideo Joho
1781,Andrea De Lorenzo
1782,Wesley Nunes Gon&ccedil;alves
1783,Mani Abedini
1784,Oge Marques
1785,D&eacute;bora Myoupo
1786,Thyago Bohrer Borges
1787,Viviana Cotik
1788,R&eacute;mi Flicoteaux
1789,Patrick Herring
1790,Elise Mouysset
1791,Jakob J. Verbeek
1792,Mikaela Klami
1793,Patrick H&egrave;de
1794,Miguel Costa
1795,Genevi&egrave;ve Henrot
1796,Bogdan Vrusias
1797,Dagan Feng
1798,Niels Jensen
1799,Yi-Hsiang Hsieh
1800,Tomoko Ohkuma
1801,Fatiha Sadat
1802,Joan Puigcerver
1803,Norbert G&ouml;vert
1804,Mihai Dogariu
1805,Martin Krallinger
1806,Antonio Jose Rodr&iacute;guez-S&aacute;nchez
1807,Matthew Smillie
1808,Corn&eacute; Versloot
1809,Georg Thallinger
1810,Pierre Chatain
1811,Keith Curtis
1812,P&eacute;ter Sch&ouml;nhofen
1813,Mohannad Almasri
1814,Joan-Andreu S&aacute;nchez
1815,Senja Pollak
1816,Tim J. Brailsford
1817,Peter Howarth
1818,Michail Salampasis
1819,Padmini Srinivasan
1820,Stephen T. Wu
1821,David S. Batista
1822,Guanglai Gao
1823,Dina Vishnyakova
1824,Changhua Yang
1825,Ga&euml;l de Chalendar
1826,Oliver Pimas
1827,Teresita Frizzarin
1828,Wen-Yuan Hsiao
1829,Ander Soraluze
1830,Julien Mille
1831,Elaine Toms
1832,Benjamin Piwowarski
1833,Johan Marty
1834,Jan Van Balen
1835,Tim Gollins
1836,Juan Pablo Posadas-Dur&aacute;n
1837,Philipp Gross
1838,Jos&eacute; Mar&iacute;a Guirao
1839,Hideo Itoh
1840,Kristy Hollingshead
1841,Qi Zhang
1842,Matthias Liebeck
1843,Mikhail S. Ageev
1844,Sameer Kulkarni
1845,Bonnie J. Dorr
1846,Natalia V. Loukachevitch
1847,Samer Hassan 0002
1848,Graeme W. Blackwood
1849,Mark Cieliebak
1850,Naoki Motohashi
1851,Wauter Bosma
1852,Irene D&iacute;az
1853,Josine Rawee
1854,Sebastian Werner
1855,M. Ashraful Amin
1856,Kim Luyckx
1857,Jean-Fran&ccedil;ois Lavall&eacute;e
1858,Sameer Rao
1859,Xufa Wang
1860,Tilak Raj Arora
1861,S&eacute;bastien Cossin
1862,Giuseppe Attardi
1863,Ornuma Thesprasith
1864,S&uuml;reyya &Ouml;z&ouml;g&uuml;r-Aky&uuml;z
1865,Alexander Simov
1866,Eric Sadit Tellez
1867,Camille Pradel
1868,Takayuki Higuchi
1869,Dar&iacute;o &Aacute;lvarez Guti&eacute;rrez
1870,Luis Quintano
1871,Qibo Wang
1872,Roland M&ouml;rzinger
1873,Francisco J. L&oacute;pez-Pellicer
1874,Arash Zareh
1875,Yunita Sari
1876,Petra Hoffmannov&aacute;
1877,Constantine Lignos
1878,Bimo Widhi
1879,Douglas Bagnall
1880,St&eacute;phane Bres
1881,Mihail-Ciprian Diaconasu
1882,Upendra Sapkota
1883,Giorgio Giacinto
1884,Maura R. Grossman
1885,Zahra Aghazade
1886,Rafael Corezola Pereira
1887,Anna Tordai
1888,Vitor Rocio
1889,Javier Fern&aacute;ndez
1890,Vittorio Loreto
1891,Abdessamad Echihabi
1892,Yongqing Zhu
1893,Tetsuya Sakai
1894,Momchil Hardalov
1895,Ying Ou
1896,Pengyuan Li
1897,Maria Kvist
1898,Navid Rekabsaz
1899,Kun Xu
1900,Qiang Pu
1901,Vincent Bodinier
1902,Bart Jochems
1903,Jens Meiners
1904,Fran&ccedil;ois DeGuire
1905,Hamed Zamani
1906,Ian Soboroff
1907,Matthew Lungren
1908,Keiko Usui
1909,Kosuke Yamauchi
1910,Filip Florea
1911,Yonghong Tian 0001
1912,Trinitario Mart&iacute;nez
1913,Vaibhav Kumar
1914,Alberto Andreu-Mar&iacute;n
1915,Swapnil Nawale
1916,Empar Bisbal Asensi
1917,Philippe Langlais
1918,Mariano Crespo
1919,Nabil Hathout
1920,Su Chen
1921,Mostafa Mehdipour-Ghazi
1922,Matthias Busse
1923,ZongYuan Ge
1924,Viviana Fern&aacute;ndez Marcial
1925,Sukomal Pal
1926,Delia-Iraz&uacute; Hern&aacute;ndez
1927,Patricia Vel&aacute;zquez-Morales
1928,Ihsan Wahyu
1929,Takuya Nomura
1930,Mohamed Ben Ahmed
1931,Siao-En Wang
1932,Tommy Khoerniawan
1933,Antonio Ju&aacute;rez
1934,Geert Kloosterman
1935,Tzvetan Tchoukalov
1936,Dalcimar Casanova
1937,Chao Zhao
1938,Odemir Martinez Bruno
1939,Francesco Carbone
1940,Adel M. Alimi
1941,Xi Liang
1942,Francisco Javier Ariza-L&oacute;pez
1943,Vin&iacute;cius Rodrigues de Uz&ecirc;da
1944,Alberto Bartoli
1945,Souvik Banerjee
1946,Mayank Gupta
1947,Gregor Erbach
1948,Wolfgang Tannebaum
1949,Florence Tushabe
1950,Neil O'Hare
1951,Aikaterini Koutsouri
1952,Maja Czok&oacute;w
1953,Rin-ichiro Taniguchi
1954,Teppei Fujisawa
1955,Colette Menou
1956,Alejandro Jim&eacute;nez-Picazo
1957,Daniel Karas
1958,Yanen Li
1959,Charline Garcia-Gonzalez
1960,Romil Bansal
1961,Yiannis Gkoufas
1962,Artem Grotov
1963,Saman Daneshvar
1964,Carita Paradis
1965,Muhammad Adnan Ashraf
1966,Claudia Gheorghiu
1967,Laura Dietz
1968,Kyouyeol Han
1969,Jimmy Callin
1970,Vigneshwaran Subbaraju
1971,Ariel Ekgren
1972,Ibrahim Ziedan
1973,Simone Albertini
1974,Rutuja Jadhav
1975,Achim Rettinger
1976,Tigran Mkrtchyan
1977,Makiko Miwa
1978,Anna Bialczak
1979,Alexandru Ciobanu
1980,Philippe Lattes
1981,Kashyap Raiyani
1982,Bingquan Liu
1983,Songfang Huang
1984,Daniel Sonntag
1985,Robert Villa
1986,Juan Jos&eacute; Fern&aacute;ndez
1987,Iakes Goenaga
1988,Niloy Gupta
1989,Emma Barker
1990,Tao Xu
1991,Henry Cooke
1992,Thomas Lidy
1993,Arpita Das
1994,Daniel Campbell
1995,Mariona Taul&eacute;
1996,James Cogley
1997,Ralf Grubenmann
1998,Michiel van Dam
1999,M. Ant&ograve;nia Mart&iacute;
2000,Sylvia Thun
2001,Son Lam Vu
2002,Will West
2003,Josef Ingenerf
2004,Terrance Lagree
2005,Mijail A. Kabadjov
2006,Ozlem Muslu
2007,Mark D. Plumbley
2008,Jian Sun
2009,Milad Alshomary
2010,Diego Maupom&eacute;
2011,Dmytro Mishkin
2012,Amin Mantrach
2013,Shaina Ashraf
2014,Huma Jamshed
2015,Denis Zubarev
2016,Guillaume Kheng
2017,Jennifer Foster
2018,Elena Smirnova
2019,In-Su Kang
2020,Sharan Sundar S
2021,Justine Malosse
2022,Bing-Han Tsai
2023,Benjamin Bigot
2024,Amaru Cuba Gyllensten
2025,Pariya Babaie
2026,Sa&iuml;d Mahmoudi
2027,Lu Zhang
2028,Zhenshi Li
2029,David Chandran
2030,Mirko Lai
2031,Susan Schmidt
2032,Victoria Bobicev
2033,Hung-Sheng Chiu
2034,Am&eacute;lie Veltz-Mauclair
2035,Manuel Ma&ntilde;a L&oacute;pez
2036,Gjertrud Fludal
2037,Markus Schedl
2038,Bao Quoc Ho
2039,Brigitte Trousse
2040,Ruslan Talipov
2041,Sai Chittilla
2042,Adrian-Gabriel Chifu
2043,Advaith Siddharthan
2044,Kinam Park
2045,Donato Hern&aacute;ndez Fusilier
2046,Krishnapriya Vishnubhotla
2047,Jeongeun Lee
2048,Ana Garc&iacute;a-Ledesma
2049,Yu-Tseng Wang
2050,Cristina Giannone
2051,Andrew MacKinlay
2052,Alexandre Ramos Coelho
2053,Sophie A. Rutter
2054,Fran&ccedil;ois Morlane-Hond&egrave;re
2055,Ksenia Zhagorina
2056,Alejandro Pimentel
2057,Nikolaos Samaras
2058,Viet-Khoa Vo-Ho
2059,Andia Ghoddousi
2060,Marc C. Nicklaus
2061,Lei Huang
2062,Andr&eacute; Bittar
2063,Silvio Amir
2064,A. Framadhan
2065,Mohan Liu
2066,Paul Buitelaar
2067,Guido Cnossen
2068,David Jurgens
2069,Pavel Seredin
2070,Lei Zhang 0034
2071,Jose G. Moreno
2072,Florin Hardegger
2073,Bili Che
2074,Frank Rudzicz
2075,Jan Hajic
2076,Pierre-Hugues Joalland
2077,Omid Fatemi
2078,Serwah Sabetghadam
2079,Antje Schultz
2080,Hapnes Toba
2081,Madeleine Kittner
2082,Alexandru Cristea
2083,Alexander Schindler
2084,Atanas Atanasov
2085,Jean-Pierre Raysz
2086,Yash Kumar Lal
2087,Sungrim Moon
2088,Stefanos Lappas
2089,Javier Redolfi
2090,Miguel Hermo
2091,Bin Xiao
2092,Xipeng Qiu
2093,Kevin Koidl
2094,Lewis Esposito
2095,Cornel Paul Acatrinei
2096,Karim Bouzoubaa
2097,Szil&aacute;rd Vajda
2098,Fernanda L&oacute;pez-Escobedo
2099,Chi Zhang
2100,Claire Rondet
2101,Eduardo Romero 0001
2102,Juncal Guti&eacute;rrez-Artacho
2103,Georgiana Carausu
2104,Xiaojie Wang
2105,Dewen Hu
2106,Mohammad Nozari Zarmehri
2107,Andrew MacFarlane 0001
2108,Andr&eacute; Mour&atilde;o
2109,Alexander Holloway
2110,Dimitrios Galanis
2111,Tran Huy Dat
2112,Zhiyun Xue
2113,Andrew Borthwick
2114,Carlos G&oacute;mez-Rodr&iacute;guez
2115,Llu&iacute;s-Pere de las Heras
2116,Peng Ying
2117,Deyuan Zhang
2118,Andrew Starkey
2119,Octavia-Maria Sulea
2120,Hongxi Wei
2121,Riccardo Martoglia
2122,Tobias Heintz
2123,Sandra Bringay
2124,Bartosz Celmer
2125,Zeerak Waseem
2126,S. Seeger
2127,Supraja Nagalla
2128,Trevor Cohen
2129,Yu Su 0009
2130,Jan Vavruska
2131,Guillaume Peyet
2132,Sandra Collovini
2133,Sheng Guo
2134,Cristina Moreno
2135,Assaf Urieli
2136,Chengjie Sun
2137,Jakub Pezacki
2138,Ola Hamfors
2139,Jeff Pinto
2140,Gontlafetse Mosweunyane
2141,Richard Flemmings
2142,Ning Liu
2143,Georg Langs
2144,Tobias Gr&uuml;ning
2145,Nadin K&ouml;kciyan
2146,Gerhard Klassen
2147,Hinrich Sch&uuml;tze
2148,Piotr Przybyla
2149,Javier Alonso-S&aacute;nchez
2150,Rajendra Pamula
2151,Mireya Tovar
2152,Anindya Dey
2153,M. Alejandro Reyes-Barrag&aacute;n
2154,Paul A. Watters
2155,Bill Ogden
2156,Craig MacDonald
2157,Sangita Pillay
2158,Shuai Wang
2159,Juan Domingo
2160,Hussam Hamdan
2161,Nataliia Plotnikova
2162,Yalei Peng
2163,Yu Zhang
2164,Josep Llad&oacute;s
2165,Fredrik Espinoza
2166,Rapha&euml;l Mar&eacute;e
2167,Harsh Thakkar
2168,Simone Peruzzo
2169,Maite Oronoz Anchordoqui
2170,Madhulika Agrawal
2171,James Gung
2172,Arnab Bhattacharya 0001
2173,Marina Driker
2174,Shachar Mirkin
2175,Cl&eacute;mentine Scohy
2176,Fahad Al-Obaidli
2177,Giovanni Ciccone
2178,Paulina Sciana
2179,Hugo Rodrigues 0001
2180,Tung Dinh Duy
2181,Stefan Endrullis
2182,Jiamei Sun
2183,Giacomo Ciuffreda
2184,Satyam
2185,Bjoern H. Menze
2186,Krista Lagus
2187,John Samuel 0003
2188,Madeleine Sialeu
2189,Andrea Esuli
2190,C&eacute;line Grauby
2191,Frank Sawitzki
2192,Sergej Sizov
2193,Claudia Wortmann
2194,Andreas Grivas
2195,Fr&eacute;d&eacute;ric Jurie
2196,Mohammad Reza Mirsarraf
2197,Aude Nzeh Ngong
2198,Mohamed Arziki
2199,Luca Toldo
2200,Amine Abdaoui
2201,Andr&aacute;s B&aacute;nhalmi
2202,Viktor G&aacute;l
2203,Newton Spola&ocirc;r
2204,Abhimanshu Mishra
2205,Paul David Beck
2206,Johannes Bernhardt-Melischnig
2207,Yi Ren Leng
2208,Thierry Arti&egrave;res
2209,Hideki Nakayama
2210,Michael Hart
2211,Mar&ccedil;al Rusi&ntilde;ol
2212,Petra Galusc&aacute;kov&aacute;
2213,Leszek Kaliciak
2214,Ronghui You
2215,C&eacute;dric Lespagnol
2216,Kesha Shah
2217,Irene Llopis
2218,Matthieu Cord
2219,Hayda Almeida
2220,Jiawei Han 0001
2221,Stefan Trausan-Matu
2222,Liviu P. Dinu
2223,Tetsuaki Mano
2224,Mihir Atmakuri
2225,Graciela Ramirez Alonso
2226,Chaoyuan Zuo
2227,Yaoyun Zhang
2228,Meena Ghanekar
2229,Ben Upcroft
2230,Luca Soldaini
2231,Javier Lorenzo-Navarro
2232,Hyung-Kook Seo
2233,Songde Ma
2234,Jaume Nualart
2235,Yuka Egusa
2236,Ra&uacute;l Cabido
2237,Yannic Kilcher
2238,Homa Baradaran Hashemi
2239,William Briggs
2240,Alessandro Suglia
2241,Saloua Ouertani-Litayem
2242,Anastasia Giahanou
2243,Colin Morris
2244,Catherine Roussey
2245,Z. Zhao
2246,Ganesh Iyer
2247,Yan Li
2248,Ion-Catalin Condrea
2249,Cheng Cai
2250,Lled&oacute; Museros Cabedo
2251,Lei Shi
2252,&Ograve;scar Garibo i Orts
2253,Ayla Karakas
2254,Shervin Malmasi
2255,Quoc-An Luong
2256,Alexander Beloborodov
2257,Zhikai Xie
2258,Ondrej Vesel&yacute;
2259,Martin S. Kohn
2260,Andy Garron
2261,Asma Ouertatani
2262,Yunze Gao
2263,Nitesh Bagmar
2264,Paolo Remagnino
2265,Carolina F&oacute;cil Arias
2266,Jean-Marc Deltorn
2267,Javier Arias Buend&iacute;a
2268,Christiane Glimm
2269,Namik Taright
2270,Keyvan Minoukadeh
2271,Empar Bisbal
2272,Michael P. O'Mahony
2273,Vilmos Bilicki
2274,Rodolfo Delmonte
2275,Rami Suleiman Alkhawaldeh
2276,Andrey Ignatov
2277,Nazli Goharian
2278,Pinar Yolum
2279,Mahmoud Khonji
2280,Marcella Tambuscio
2281,Pierre Geurts
2282,&Aacute;rp&aacute;d S&aacute;rosi
2283,Jing Zhang
2284,Josef V. Psutka
2285,Nishikant Johri
2286,Adrian Espino Gamez
2287,Sebastian S&uuml;nkler
2288,Ioannis Kourtis
2289,Philipp Duzak
2290,Sandra Mitrovic
2291,Suzanne Little
2292,Sara Riaz
2293,Tatiana Lesnikova
2294,Cees G. M. Snoek
2295,Lu&iacute;s Rato
2296,Dimitar Alexandrov
2297,Pascale Fung
2298,Erik Rodner
2299,Vincent Claveau
2300,Minh-Triet Tran
2301,Nam-Duong Duong
2302,Pawel Herman
2303,Madalina Merchez
2304,Nerea Ezeiza
2305,Nick Evans
2306,Chunye Wang
2307,Alberto Del Bimbo
2308,Laura Silva
2309,Nitish Aggarwal
2310,Tanmay Basu
2311,Franck Derieux
2312,Hitesh Sabnani
2313,Thomas Hofmann
2314,Feiyan Hu
2315,S&eacute;bastien Harispe
2316,Naomie Salim
2317,Harald Hammarstr&ouml;m
2318,Atsushi Shimada
2319,Kamalakar Karlapalem
2320,Benjamin Sch&uuml;rer
2321,Shingo Ono
2322,Elias Ruiz
2323,Fernando S&aacute;nchez-Vega
2324,Cong Xu
2325,Jun Wang
2326,Omar Alonso
2327,Alexandru Eduard Cozma
2328,Rada Mihalcea
2329,Rodwan Bakkar Deyab
2330,Samuel Fernando
2331,Marlene Kritz
2332,Herman H. H. B. M. van Haagen
2333,Marilia Santos
2334,Renata Vieira
2335,Jos&eacute; M. Chenlo
2336,Ghaida Rebdawi
2337,Khaled Hossain Ansary
2338,Mihai Pitu
2339,Konstantinos Anastasakis
2340,Mamitiana Ignace Randrianarivony
2341,Andrei Gabrielian
2342,Mikhail P. Kuznetsov
2343,Tam&aacute;s Szir&aacute;nyi
2344,Yan Gao
2345,Narciso Garc&iacute;a
2346,Bo Du
2347,V. M&eacute;ndez-S&aacute;enz
2348,Gaurav Arora
2349,Jos&eacute; Casillas
2350,Sree Kalyani Jandhyala
2351,Jingtian Jiang
2352,Rita Cucchiara
2353,Dimitrios A. Pritsos
2354,Bilel Gafsaoui
2355,Sabine Rosenberg
2356,Omar Trigui
2357,Laura Perret
2358,Fidelia Ibekwe-Sanjuan
2359,Luis Rei
2360,Chedi Bechikh Ali
2361,Dimitris Katsios
2362,Maria Leonor Pacheco
2363,Riya Ravi N
2364,Laszlo Pelikan
2365,Jean Beney
2366,Lesly Miculicich Werlen
2367,Hiroshi Nakagawa
2368,Clara Vania
2369,Yolanda Sjafrizal
2370,Dirk Weissenborn
2371,Akiko Aizawa
2372,Adolfo Jonathan Salinas-L&oacute;pez
2373,Ludovic Dos Santos
2374,Nicholas J. Belkin
2375,Olga Litvinova
2376,Laura Florea
2377,Andrew James McMinn
2378,Peidong Wang
2379,Issei Sato
2380,Peter Willett 0002
2381,Shin'ichi Satoh
2382,Robert Veenhoven
2383,Hui Yang 0001
2384,Golnar Sheikshabbafghi
2385,Jesse Lingeman
2386,Nathalie Hernandez
2387,Daniele Sartiano
2388,Shereen Albitar
2389,S&eacute;rgio Nunes
2390,Arthur Sultan
2391,Kelvin W. C. Foong
2392,Fatima Jahedpari
2393,Vrizlynn L. L. Thing
2394,Maree Johnson
2395,Tsun Ku
2396,Nenghai Yu
2397,Neha Pawar
2398,Alessandra Laderchi
2399,Alexandros Stougiannis
2400,Gilad Gressel
2401,Botond Fazekas
2402,David Maxwell
2403,Murat Can Ozdemir
2404,Lidia Moreno
2405,Rajib Chakravorty
2406,Tiago Almeida Fernandes
2407,Christopher G. Harris 0001
2408,Hatem Haddad
2409,Michael F&auml;rber 0001
2410,Alexander Prus
2411,Patric Jensfelt
2412,Catarina F&eacute;lix
2413,Jeroen Wilkens
2414,Christos Papatheodorou
2415,Aleksandr Chuklin
2416,Laura Perrot
2417,Yen-Wei Chen
2418,M&aacute;rton J&oacute;zsef T&oacute;th
2419,Matthieu-P. Schapranow
2420,Stephan Neuhaus
2421,Feza Baskaya
2422,Alicia P&eacute;rez
2423,Surender Reddy Yerva
2424,Bilel Moulahi
2425,Chie Kamada
2426,F. Javier Ortega
2427,D. Ganesan
2428,Georgina Ram&iacute;rez Camps
2429,Takuji Tahara
2430,Martine De Cock
2431,M. Umut Sen
2432,Ke Liu 0002
2433,Benjamin Murauer
2434,Jing Yuan
2435,Ngoc-Hai Pham
2436,Edgardo Ferretti
2437,Edward Currie
2438,Qingchun Bai
2439,Violaine Antoine
2440,Esther Villar-Rodriguez
2441,Heidy M. Mar&iacute;n
2442,R. Kavi
2443,Graham Spinks
2444,Wei Shenwei
2445,Maximiliano Saiz
2446,Michael Schroeder 0001
2447,Bidhan Chandra Pal
2448,Johannes Bjerva
2449,Igor Safonov
2450,Max Mauermann
2451,Frine A. Sonalo Hernandez
2452,Nicolas Vuillenemot
2453,Cherif Chiraz Latiri
2454,George Anderson
2455,Mar&iacute;a-Dolores Olvera-Lobo
2456,Kay Wolter
2457,Shlomo Argamon
2458,Philippe Birnbaum
2459,Chlo&eacute; Monnin
2460,Rob Johnson
2461,Olivier Bodenreider
2462,Masatoshi Hidaka
2463,Carlos-Francisco M&eacute;ndez-Cruz
2464,Tuan Nguyen
2465,Maria De-Arteaga
2466,Noureddin M. Sadawi
2467,Sebastian Pad&oacute;
2468,V. Jagannathan
2469,Chen Zhang
2470,Ricardo Silva
2471,Yuhang Wang
2472,Aditya Mogadala
2473,Maria Ntonti
2474,Owen Conlan
2475,Amr Zamel
2476,Victor Mijangos
2477,Esa&uacute; Villatoro
2478,Karim Gasmi
2479,Bappaditya Mandal
2480,Mohammed Amine Chikh
2481,Daniel Bell
2482,Ali Taylan Cemgil
2483,Jiaxin Chen
2484,Jonas J&auml;ger
2485,Byungsoo Kim
2486,Prodromos Malakasiotis
2487,Mahmoud Al-Ayyoub
2488,Aitziber Atutxa
2489,Elias Sprengel
2490,John Collins
2491,Aleksandr Ogaltsov
2492,Alfonso Medina Urrea
2493,Tomas Salas Fernandez
2494,Iza Skrjanec
2495,Fernando L&oacute;pez Osterno
2496,Andrei-Cristian Prodan
2497,Ricardo A. Fierro-Villaneda
2498,Andreea-Loredana Andresan
2499,Neil R. Smalheiser
2500,Nestor Mariyasagayam
2501,Yang Liu 0088
2502,Byron C. Wallace
2503,Sanda M. Harabagiu
2504,Denis Savenkov
2505,Chul-Kyu Kim
2506,Jian-Lin Jin
2507,Andrea Buzzelli
2508,Mike Wu
2509,J&aacute;n Grman
2510,John David Osborne
2511,Sujoy Roy
2512,Steven Bethard
2513,&Ouml;zlem Uzuner
2514,Sasa Milic
2515,Liangliang Cao
2516,Mandy Neumann
2517,Sreekanth Madisetty
2518,Vadim Stankevitch
2519,Valeriu Cornea
2520,Du Zou
2521,Ilya Markov
2522,Zhang Ling
2523,Taylor Cassidy
2524,Aditya Pavan
2525,Carlos Soares
2526,Ramon de Graaff
2527,Kerem Yildirir
2528,Ollivier Haemmerl&eacute;
2529,Shuang Wang
2530,Kelwin Fernandes
2531,Paul Kalmar
2532,Moritz Schubotz
2533,Veronika Laippala
2534,Manon Cassier
2535,Rosalvo Ferreira Oliveira Neto
2536,Heshaam Feili
2537,Yujia Huo
2538,Abdulkadir Yazici
2539,Cristhian Mayor
2540,Claudio Andr&eacute; Alves
2541,Claudio Cifarelli
2542,Zhenyuan Hao
2543,Roi Blanco
2544,Angel Toledo
2545,Neil Newbold
2546,Thi Thanh-Nhan Nguyen
2547,Pentti Kanerva
2548,Harvey S. Hyman
2549,Georgios Georgiadis
2550,Bogdan Luca
2551,Miguel Penalver
2552,Kong-Wah Wan
2553,Hui Wu
2554,Xiaolong Wang 0001
2555,Talvany Carlotto
2556,Surya Ganesh
2557,Juan Ram&oacute;n Rico-Juan
2558,Ra&uacute;l Ramos-Poll&aacute;n
2559,Martina Taylor
2560,Thoai Man Luu
2561,Lucie Flekova
2562,Mohamed Dermouche
2563,Jens Grivolla
2564,Josef Haupt
2565,Ramakrishna Akella
2566,Aleh Tarasau
2567,Hussein Hussein
2568,Olivier Stern
2569,Friedrich Fraundorfer
2570,Ot&aacute;vio Costa Acosta
2571,AmirHossein Habibian
2572,Klaus Fricke-Neuderth
2573,Baden Hughes
2574,Ghislain Auguste Atemezing
2575,Xiaohong W. Gao
2576,Ludmila Himmelspach
2577,Idriss Abdou Malam
2578,Girija Chetty
2579,Dongyang Bao
2580,Mihaela Breaban
2581,Charles-Edmond Bichot
2582,Shashwat Mishra
2583,Dimosthenis Karatzas
2584,Zhaolong He
2585,Dmitry Katsubo
2586,Yi Xiang Marcus Tan
2587,Kevyn Collins-Thompson
2588,Lydia Mennes
2589,Alexey Romanov
2590,Xiaoyong Du
2591,Xiaohong Gao
2592,Andrei Rusu
2593,Luis G. de Figueiredo
2594,Parth Mehta 0001
2595,Hristo Georgiev
2596,Michael Singhof
2597,Conrad Sanderson
2598,Mihaela Bobeica
2599,Sobha Lalitha Devi
2600,Chengxiang Zhai
2601,Yashwant Keswani
2602,Scott Sorensen
2603,Piotr Sobecki
2604,Lionel Valet
2605,Bahjat Safadi
2606,Andreas N&uuml;rnberger
2607,Vassil Kalphov
2608,Metti Zakaria Wanagiri
2609,Philippe Beaune
2610,Benjamin Deneu
2611,Bin Geng
2612,Alan Alexis Farias-Anzaldua
2613,Binayak Goswami
2614,Bas Boom
2615,Shin Matsushima
2616,Julian Brooke
2617,&Ouml;zlem &Ouml;zg&ouml;bek
2618,Erhard Rahm
2619,Ricardo da Silva Torres
2620,Grace Eunkyung Lee
2621,Siddhartha Jonnalagadda
2622,Meriem Hafsi
2623,Martin Jaggi
2624,Rudolf Berend Trieschnigg
2625,Mohan Jayatilake
2626,Kirill Bogomasov
2627,Julien Ricard
2628,Yassine Rkha Chaham
2629,Teruko Mitamura
2630,Chantal Gratton
2631,Stan Snijders
2632,Caitlin McCollister
2633,Siwar Zayani
2634,Paula Goodale
2635,Ronald Cornet
2636,Natalia Shepeleva
2637,Mart Busger Op Vollenbroek
2638,Francisco J. N&oacute;voa
2639,Ruihan Xu
2640,Scott Notley
2641,Yi Xie
2642,Vincent Bouvier
2643,Bo Lang
2644,Marine Carpuat
2645,Zouheyr Bouafia
2646,Daniel Abril
2647,Junwei Liang
2648,Harish Yenala
2649,Viviane Wolff
2650,Francesco Corsini
2651,Gibran Fuentes Pineda
2652,Darnes Vilari&ntilde;o
2653,Giuseppe Serra
2654,Prabaharan Poornachandran
2655,Youssef Iraqi
2656,Cristian Padurariu
2657,Mohamed Zarka
2658,Shu Huang
2659,Fabian P&aacute;ez
2660,Edmundo-Pavel Soriano-Morales
2661,Viktor Tr&oacute;n
2662,Swen Ribeiro
2663,Joe Carthy
2664,Motoki Taniguchi
2665,Rodrigo Ribeiro Oliveira
2666,Shane Dyer
2667,Edson Roberto Duarte Weren
2668,Affifa Arbab
2669,Vide Karlsson
2670,James Thomas
2671,Alaa Alhamzeh
2672,Pedro Strecht
2673,Sandra Eliza Fontes de Avila
2674,Johann Poignant
2675,Xavier Binefa
2676,John R. Smith
2677,John Osborne
2678,Rabia Bounaama
2679,Enrico Motta
2680,Salim Chikhi
2681,Wladek Zacharski
2682,Salud Mar&iacute;a Jim&eacute;nez Zafra
2683,Hang Song
2684,Piyush Arora
2685,Daniel Braun 0002
2686,Norbert Fuhr
2687,Nassir Navab
2688,Viviana Patti
2689,Moshe Aboud
2690,David Nicolay
2691,Rebecca Maessen
2692,Okky Hendriansyah
2693,Bouchra Es-Saghir
2694,Mostafa Rahgouy
2695,Ehsan Ullah Munir
2696,Carl James-Reynolds
2697,Xanadu Halkias
2698,Zhimao Lu
2699,F. Gediz Aksit
2700,K&eacute;vin Deturck
2701,Ferenc Mogyor&oacute;si
2702,Jarana Manotumruksa
2703,Xavier Bost
2704,Beno&icirc;t Mathieu
2705,Petre Lameski
2706,Nicola Montecchio
2707,Lotta Kauhanen
2708,Mattias Kanhov
2709,Mateusz Wilk
2710,Jesse Davis
2711,Andrey Filchenkov
2712,Khaled Alrifai
2713,Nahun Loya
2714,Cristina Mota
2715,Nausheen Fatma
2716,E. Mark Haacke
2717,Chandrabose Aravindan
2718,Haakon Lund
2719,Nkauj Hnub Aurore Heu Mby
2720,K. C. Santosh
2721,Xuefeng Feng
2722,Danchen Zhang
2723,Fernando Giner
2724,Valentina Bellomaria
2725,Vamshi Krishna Thotempudi
2726,Jan Schl&uuml;ter
2727,Xiangyu Wang
2728,Dongsheng Wang
2729,Doychin Doychev
2730,Ke Ren
2731,Kuan-Ta Chen
2732,Yasuo Kuniyoshi
2733,Jie Zhou
2734,Ekaterina Ryzhkova
2735,Arnaud Grappy
2736,Rachel Davey
2737,Khadim Dram&eacute;
2738,Ritu Khare
2739,Masao Takaku
2740,Peter Kastner
2741,Xiong Wei
2742,Zhongda Xie
2743,Obdulia Pichardo-Lagunas
2744,Victor Carneiro
2745,Guillaume Cabanac
2746,Jo&atilde;o Filgueiras
2747,Iryna Muzyka
2748,Richard Dazeley
2749,Jorge Azor&iacute;n L&oacute;pez
2750,Ozan Polatbilek
2751,Chlo&eacute; Pou-Prom
2752,Afshin Rahimi
2753,Dieter Hayn
2754,Kripabandhu Ghosh
2755,Aldo Porco
2756,Srinivas Phadnis
2757,Javier Alonso
2758,Iraz&uacute; Hernandez-Farias
2759,M&aacute;rk Jelasity
2760,Mohammed Nezar Bellazrak
2761,Fidel Cacheda
2762,Guillermo Ayala
2763,Andrew G. West
2764,Saeed Mehrabi 0003
2765,Mario Ezra Arag&oacute;n
2766,Jiangping Chen
2767,Arjun Mukherjee
2768,Yubo Chen 0001
2769,Eleni Mantziou
2770,C&eacute;line Sacca
2771,Imane Boudraa
2772,Aleksandr Farseev
2773,Akhil Arora 0001
2774,Hanqing Lu
2775,Fabrizio Silvestri
2776,Yu-Zheng Liu
2777,Diego Moll&aacute; Aliod
2778,Claire Morgand
2779,William Byrne
2780,Angie K. Reyes
2781,Andrey Khazov
2782,Andrew Thean
2783,F. Peters
2784,Jihen Majdoubi
2785,Mario Almagro
2786,Niko S&uuml;nderhauf
2787,Amit Prakash
2788,Ramon Ziai
2789,Max P. Rosen
2790,Michal Stanek
2791,Anna Korhonen
2792,Sayanta Paul
2793,Mingxing Wang
2794,Hercules Dalianis
2795,Ahmed Magdy Ezzeldin
2796,Damien Nouvel
2797,Elibeth Mirasol-Mel&eacute;ndez
2798,Julien Perez
2799,Duy-Dinh Le
2800,Timo van Kessel
2801,Yan-Tao Zheng
2802,Robin K&uuml;ppers
2803,Nicolas Fiorini
2804,Haiwei Wu
2805,Linus Ericsson
2806,Yiannis Kompatsiaris
2807,Yuko Hara
2808,Koki Yasumoto
2809,Diana Ram&iacute;rez-Cifuentes
2810,Mohammed El Amine Abderrahim
2811,Jeongmin Chae
2812,Justin van Wees
2813,Joachim Fugleberg
2814,Jeff Z. Pan
2815,Ming Hao
2816,Javier S&aacute;nchez-Junquera
2817,Thara S
2818,Katja Zupan
2819,Jos&eacute; Lu&iacute;s Devezas
2820,Daniel S&aacute;nchez-Cisneros
2821,Diana Mateus
2822,Joana Barros
2823,Marta Gonz&aacute;lez Rodr&iacute;guez
2824,Belhassen Akrout
2825,Svitlana Babych
2826,Andreas R. Ludwig
2827,Ismail Badache
2828,Xing Xu
2829,Eriks Sneiders
2830,Koki Nagatani
2831,Anh Tuan Tran 0002
2832,Cristina G&acirc;rbacea
2833,Sikun Chen
2834,Ritwik Banerjee
2835,Jos&eacute; Eleandro Cust&oacute;dio
2836,Antonia Kyriakopoulou
2837,Juho Heimonen
2838,Marjan Hosseinia
2839,Yunhong Wang
2840,Cl&eacute;ment Bosc
2841,Devanshu Jain
2842,Alex Rosenthal
2843,Jo&atilde;o Sequeira
2844,Brahim Douar
2845,Andrei-Dumitru Balmos
2846,Seung-Hoon Na
2847,Modesto Castrill&oacute;n Santana
2848,Salha Alzahrani
2849,Pattabhi R. K. Rao
2850,Sergio Jim&eacute;nez 0001
2851,Eduardo Valle
2852,Syed Husnain Bukhari
2853,Till Plumbaum
2854,L&eacute;a Delvenne
2855,Graham McDonald
2856,Georges Linar&egrave;s
2857,Robert Leaman
2858,S&iacute;lvia Delgado Olabarriaga
2859,Lynne Edwards
2860,Ting Liu
2861,R. Vijay Sundar Ram
2862,Bj&ouml;rn Rudzewitz
2863,Camille Rohrbacher
2864,Yuanzhe Zhang
2865,Michael Kleineberg
2866,Maxime Portaz
2867,Julio J. Castillo
2868,Toby P. Breckon
2869,Francesco Grippo
2870,Jan Snajder
2871,Ilya Sochenkov
2872,Vladimir Salgado
2873,Maseud Rahgozar
2874,Erik Wistrup
2875,Barbara Kelly
2876,Aurlie Baker
2877,Christos Sagonas
2878,Ren&eacute; Schuster
2879,Herman van Haagen
2880,Vincent Ranwez
2881,Mathias Quillot
2882,Giuseppe Tino
2883,Marco Vanetti
2884,Antal van den Bosch
2885,Adeel Nawab
2886,Shin-Jae Kang
2887,Roberto Basili 0001
2888,Olivier Saurer
2889,Anita Keszler
2890,Sebastian Kastner
2891,Guangyou Zhou
2892,Shalini Gangwar
2893,Soonchoul Kwon
2894,Bartosz Broda
2895,Rim Faiz
2896,Ivan Bilan
2897,No&eacute;mie Petitcol
2898,Israr Hanif
2899,Christian Hansen
2900,Epaminondas Kapetanios
2901,Marco Turchi
2902,Marius Kloft
2903,Fl&aacute;vio Martins
2904,Warren Fridy III
2905,Casper Hansen
2906,Md Sajib Ahmed
2907,Alexandru Calfa
2908,Jon Dehdari
2909,Lucas Correia Ribas
2910,Arantza D&iacute;az de Ilarraza
2911,Rafael E. Banchs
2912,Sarah A. Goodman
2913,Santiago Mois&eacute;s Mola-Velasco
2914,Guilherme de Oliveira da Costa Marques
2915,Daniela Grijincu
2916,Andrew D. Walker
2917,Amal Htait
2918,Florence Andreacola
2919,Harry Hochheiser
2920,Marco Ferrante
2921,Sarah H. Harvey
2922,A. Lamb
2923,Georgios Barlas
2924,Istv&aacute;n Heged&uuml;s
2925,Anastasia Motrenko
2926,Tobias Strau&szlig;
2927,Mariusz Paradowski
2928,Thi Quynh Nhi Tran
2929,Zolt&aacute;n Mikl&oacute;s 0001
2930,Cristina Serban
2931,Helga Piorek
2932,Yu-Cheng Liu
2933,Manfred Gschwandtner
2934,Nithish B. Moudhgalya
2935,Ricardo A. Baeza-Yates
2936,Istv&aacute;n Nagy T.
2937,Fran&ccedil;ois Munoz
2938,Vincent Van Asch
2939,Georgi Karadjov
2940,Pablo Su&aacute;rez
2941,Max Pfingsthorn
2942,Gregor Thurmair
2943,Stefan Klampfl
2944,Maya Satratzemi
2945,David Hern&aacute;ndez-Aranda
2946,Fr&eacute;d&eacute;rique Segond
2947,Georgios Paltoglou
2948,Feraena Bibyna
2949,Navdeep Sood
2950,Ralf Zimmermann
2951,Cynthia C. S. Liem
2952,Tsun-Hsien Tang
2953,Xuanjing Huang
2954,Rodrigo de Carvalho Gomes
2955,Mohamed Ezzarka
2956,Moshe Koppel
2957,Ill&eacute;s Solt
2958,Sergio Duarte
2959,Jos&eacute; Duarte
2960,Adrian Michalke
2961,Anand
2962,Sanna Kumpulainen
2963,Mike Nachtegael
2964,Eduard Snezhko
2965,Jong-Hyeok Lee
2966,Ingride-Paula Epure
2967,Anjara Saloma
2968,Juan Sebastian Ot&aacute;lora Montenegro
2969,Rodrigo Tripodi Calumby
2970,Asem Kasem
2971,Julia Baquero
2972,Pedro Saleiro
2973,Eun-Bee Kang
2974,Se-Jong Kim
2975,Chih-Hsuan Wei
2976,Lun-Wei Ku
2977,Charalampos Marantos
2978,V&iacute;ctor David M&eacute;ndez S&aacute;enz
2979,Claude Roux
2980,Ren&eacute; Arnulfo Garc&iacute;a-Hern&aacute;ndez
2981,Dawn J. Lawrie
2982,Marco Bertini
2983,Jordan Fr&eacute;ry
2984,Nathana&ecirc;la Andrianasolo
2985,Vincent Emonet
2986,Xiangdong Su
2987,Maximilian Michel
2988,Mark A. Greenwood
2989,Yan Liu
2990,Marco Dussin
2991,Binod Gyawali
2992,Serguei A. Mokhov
2993,Bruno Tellez
2994,Nada Ghneim
2995,C&eacute;cile Fabre
2996,Jorge Cabrera-G&aacute;mez
2997,Maya Carrillo
2998,Karolina Brodzinska
2999,Angel Israel Toledo Castro
3000,Rhulani Maluleka
3001,Robert Sorrentino
3002,Xinjian Li
3003,Ana&iuml;s Mottaz
3004,J. Gomar
3005,Salar Khayat Mirza Rasouli
3006,Li Zhang
3007,Nicolas Thome
3008,Alex Yong-Sang Chia
3009,Siddharth Divi
3010,Tom Gedeon
3011,Natalia Viani
3012,Adolfo T. Camacho-Gonz&aacute;lez
3013,April Kontostathis
3014,Vlad Valea
3015,Mohamed Hamed Kholief
3016,Nikolaos Sakiotis
3017,Wei-jiang Long
3018,Marta R. Costa-juss&agrave;
3019,Nikolina Koleva
3020,Angelo Nodari
3021,Andon Tchechmedjiev
3022,Aadarsh Sampath
3023,Antoine Sevilla
3024,Andreas Fritzler
3025,Yiqun Li
3026,Veronika Stefanov
3027,Penny Chong
3028,Bashar Talafha
3029,Karla L. Caballero Barajas
3030,Anastasia Giachanou
3031,Carlos E. Gonz&aacute;lez-Gallardo
3032,Ioannis Boutsis
3033,Arnd Oberl&auml;nder
3034,Karin Verspoor
3035,Chong Long
3036,Hai Vu
3037,Johan Oomen
3038,Sascha Saretz
3039,Shahram Ebadollahi
3040,Benno Weck
3041,Noel C. F. Codella
3042,Joan Mas
3043,Beichen Wang
3044,Dani&euml;l van der Hall
3045,Shachar Seidman
3046,Judith Liebetrau
3047,Vania Lavielle-Castro
3048,Anam Zahid
3049,David Feng
3050,Iqra Ameer
3051,Mucahid Kutlu
3052,Aman Berhane Ghirmatsion
3053,Hoang Thi Bich Ngoc
3054,Wee-Yong Lim
3055,Valentin Leveau
3056,Rafa Haro R.
3057,Delphine Pois
3058,Ankit Gupta
3059,Marc Pollefeys
3060,Khyathi Raghavi Chandu
3061,Manisha Verma
3062,Kazunori Okada
3063,Jo&atilde;o Loureiro
3064,Mar&iacute;a Pel&aacute;ez Brioso
3065,Allard J. van Altena
3066,Alonso Palomino Garibay
3067,Harrisen Scells
3068,Nomena Ny Hoavy
3069,Alexander Henn
3070,Jahna Otterbacher
3071,Aline Bourriot
3072,Kristiyan Mitov
3073,Wei Song
3074,Hyunjong Lee
3075,Bassem Bsir
3076,Maryna Chernyshevich
3077,William J. Byrne
3078,Dorian Roques
3079,Tim Kreutz
3080,Ana I. Torre-Bastida
3081,Sivaramakrishnan Rajaraman
3082,Dan Anton
3083,Scott Nowson
3084,Yasmany Garc&iacute;a-Mondeja
3085,Aftab Hassan
3086,Lukasz Gagala
3087,George Tsatsaronis
3088,Merijn Vogel
3089,Javid Dadashkarimi
3090,Noemie Elhadad
3091,Miaofei Han
3092,Tri Firgantoro
3093,Marc-Andr&eacute; Weber
3094,Yulia Ledeneva
3095,Rahayu A. Hamid
3096,Wajih Ouertani
3097,Jianwei Wu
3098,James J. Masanz
3099,Michal Meina
3100,Katy Blanc
3101,Alexander Ogaltsov
3102,Tinglei Zhang
3103,Ran Tian
3104,Peter I. Corke
3105,Ram Akella
3106,Aymen Shabou
3107,Markus Muhr
3108,Luk&aacute;s Picek
3109,Hao-Jie Pan
3110,Konrad Herbst
3111,David Rizo
3112,Carlos R. del-Blanco
3113,Hichem Ben Amor
3114,Yu Liang
3115,Atsushi Tatsuma
3116,Paula Sanchez
3117,Manuel Blaser
3118,Yong Li
3119,Amaury Ant&ocirc;nio de Castro Junior
3120,Jing Zheng
3121,Konstantinos Bougiatiotis
3122,Jonathan William Dennis
3123,Hanen Karamti
3124,Gjorgji Madjarov
3125,Luciana S. Buriol
3126,Eduard Hoenkamp
3127,Yusuke Mukuta
3128,Nicolas Vuillemenot
3129,Arnav Kumar Dawn
3130,Ruli Manurung
3131,Ahmed Al Zohairy
3132,Bing Liu 0001
3133,Aki Loponen
3134,Sylvie Calabretto
3135,Promita Maitra
3136,Konstantinos Sechidis
3137,Surendran K
3138,Tawan Sierek
3139,Yanxiong Lu
3140,Daniela Epure
3141,Min-Huan Fu
3142,Vijay Chandrasekhar
3143,Oscar Alfonso Jim&iacute;nez del Toro
3144,James A. Thom
3145,Jiyun Luo
3146,Matthijs Douze
3147,Ricardo Usbeck
3148,Jorge Z&uacute;&ntilde;iga
3149,Gundram Leifert
3150,Sagnik Ray Choudhury
3151,Chang Liu
3152,Xin Kang
3153,K. P. Soman
3154,Florin-Tudor Cristea
3155,Pieter Bons
3156,Rafael Forcada
3157,Manuela H&uuml;rlimann
3158,Bernardo Cabaleiro
3159,Pravin Kakar
3160,Tom&aacute;s Folt&yacute;nek
3161,Alexandra Leahu
3162,Tiansi Dong
3163,Amy Vogel
3164,Ruixue Wang
3165,Luis M. de Campos
3166,Romain Agez
3167,Yanchun Zhang
3168,Alexis Palmer
3169,V&iacute;tor Beires Nogueira
3170,Tingting Wang
3171,Federica Mandreoli
3172,Jie Lin
3173,Kostas Perifanos
3174,Gilles Hubert
3175,Robert Musters
3176,Ren-Dar Yang
3177,Maunendra Sankar Desarkar
3178,Linjie Xing
3179,Linda Cappellato
3180,Taemin Lee
3181,Anouk Birski
3182,Xiaoning He
3183,Cornelius A. Ludmann
3184,Razvan Iulian Lupu
3185,Kelly Reynolds
3186,Gerard Lynch
3187,Geoffroy Peeters
3188,Fabio Celli
3189,Kuangkai Sun
3190,Iv&aacute;n Meza
3191,Fabrizio Sebastiani 0001
3192,Junqiu Wu
3193,B&aacute;lint Czeba
3194,Mayte Gim&eacute;nez
3195,Alexander Sachs
3196,Ragia Ibrahim Waleed Arafa
3197,Ilektra Skepetari
3198,Antonio Carlos Dom&iacute;nguez-Brito
3199,Yoshitaka Ushiku
3200,Maj Lauge Ward Jensen
3201,Harsh Trivedi
3202,Roberto L&oacute;pez-Santill&aacute;n
3203,Miki Eto
3204,Daniel Hern&aacute;ndez-Sosa
3205,Sylvie Ranwez
3206,Christian Winter 0001
3207,Georgios Petkos
3208,Ignazio Gallo
3209,Ling Cao
3210,Andreas H. Kelch
3211,Uwe K&uuml;hhirt
3212,Anca Marginean
3213,C. de Pablo
3214,Jaana Kek&auml;l&auml;inen
3215,Rodrigo Agerri
3216,Jiajin Wu
3217,Binbin Liu
3218,Sisi Liang
3219,Yong Xue
3220,Md. Faisal Mahbub Chowdhury
3221,Kazi Rifat Ahmed
3222,Jim Basilakis
3223,Vlad Alexa
3224,Kiran Bushireddy
3225,Sijia Liu 0002
3226,Marie Picard
3227,Peter Corke
3228,Masaru Mizuochi
3229,Carmen Pel&aacute;ez-Moreno
3230,Le-Le Zhang
3231,V&eacute;ronique Gaildrat
3232,Norman Meuschke
3233,Don Kodiyan
3234,Holger Kundisch
3235,Peter Szolovits
3236,Marcelo de Bairros P. Filho
3237,J. Antonio Nu&ntilde;ez-Ju&aacute;rez
3238,Nuno Miranda
3239,Joris Guyonvarch
3240,Xiangyu Sun
3241,Satoshi Sekine
3242,Takumi Takahashi
3243,Ralph Koelle
3244,Laura Rivi&egrave;re
3245,Hristina Taneva
3246,Raquel Mart&iacute;nez
3247,Martin Davtyan
3248,Adil Alpko&ccedil;ak
3249,Aline Villavicencio
3250,Symeon Papadopoulos
3251,Tiberio Uricchio
3252,Miguel &Aacute;ngel &Aacute;lvarez Carmona
3253,Lahsen Abouenour
3254,Claudia Peersman
3255,George K. Mikros
3256,Anjan Dutta 0001
3257,Pere R. Comas
3258,Yangyang Zhou
3259,N. Kiran Kumar
3260,Karthikeyan Pasupathy
3261,Faza Elkateb
3262,Marlon Braun
3263,Harald Eckmann
3264,Niraj Aswani
3265,Anthony Yeo
3266,Hamed Babaei Giglou
3267,Andr&eacute;s Fuster Guill&oacute;
3268,Martin Trenkmann
3269,F&aacute;bio Pinto
3270,Dimitrios Dimitriadis
3271,Hong-Wei Hao
3272,Mario S&auml;nger
3273,Quoc-Bao Nguyen
3274,Akshay Budhkar
3275,Tanik Saikh
3276,Alex Dagri
3277,Caroline Brun
3278,Bo Luo
3279,Martyna Patera
3280,Wendel Scardua
3281,Alexandru Moldovan
3282,Shakil Ahmed
3283,Volker Sorge
3284,Khushboo Singhal
3285,Iain James Marshall
3286,Ludovic Denoyer
3287,Athanasios Staikopoulos
3288,M. MacFarlane
3289,Insup Lee
3290,Peng Zheng
3291,Lukas M&uuml;ller
3292,Andias Wira-Alam
3293,M-Dyaa Albakour
3294,Anne R. Diekema
3295,Emmanouil Archontakis
3296,Steve Cassidy
3297,Yupeng Su
3298,Luca de Alfaro
3299,Suhong Wang
3300,Vittorio Di Tomaso
3301,Andreea Cristina Bursuc
3302,Fr&eacute;d&eacute;ric Gianetti
3303,Eugen Ignat
3304,Nektaria Potha
3305,Michelle Ananda-Rajah
3306,Changjun Hu
3307,Jung-Wei Fan
3308,Lakshmi Lavanya Singampalli
3309,Chiara Orsi
3310,Barathi Ganesh H. B.
3311,Giancarlo Ruffo
3312,John Cardiff
3313,Weiyu Lan
3314,Yuan-Chi Chang
3315,Karol J. Piczak
3316,Oleg Bakhteev
3317,Desislava Zhekova
3318,Eugen Barbu
3319,Alejandro Mosquera L&oacute;pez
3320,Konstantin Avrachenkov
3321,Manish Gupta 0001
3322,Huaying Wu
3323,Jacinto Jes&uacute;s Mena Lome&ntilde;a
3324,Hatem Loukil
3325,Pepa Gencheva
3326,Nut Limsopatham
3327,Khaled Yasser
3328,Wei Wu
3329,Halil Kilicoglu
3330,Ping-Che Yang
3331,Vincent Looten
3332,Olivier Pauly
3333,Xiao-Ping Cui
3334,Andreas Kerren
3335,R&uuml;st&uuml; T&uuml;rkay
3336,Iuliana Draghici
3337,Gayathri Vasudevan
3338,Karl Aberer
3339,Guohua Lei
3340,M. R. Ghaeini
3341,Hasan Zeynali
3342,Ankur Teredesai
3343,Jinglin Kang
3344,Wojciech Samek
3345,Jaean Lee
3346,Atsushi Kanehira
3347,Pascal Monestiez
3348,Arantza Casillas
3349,Bingyuan Liu
3350,Michael Ryan
3351,Fan Fang
3352,Peter Kampstra
3353,Walid Mahdi
3354,F&aacute;bio Augusto Faria
3355,Yanli Song
3356,G. S. K. Santosh
3357,Ehsan Sherkat
3358,Fl&aacute;via Bernardini
3359,Kumar Gourav Das
3360,Ayan Bandyopadhyay
3361,Fanglin Chen
3362,Olatz Perez-de-Vi&ntilde;aspre
3363,Jessie Lim
3364,Jitendra Jonnagaddala
3365,Marcos Zampieri
3366,Felix Hamborg
3367,Jir&iacute; Rybicka
3368,Chengbo Tian
3369,Dang Vo
3370,Pius von D&auml;niken
3371,Zhen Guo
3372,Alan W. Black
3373,Francisco J. Valverde-Albacete
3374,Antonio Reyes
3375,Jimmy Huang
3376,Weip&eacute;ng Hu&aacute;ng
3377,Jos&eacute; Ortiz-Bejar
3378,Lamberto Ballan
3379,Marc Bron
3380,Moniek Nieuwenhuis
3381,Walter Lucetti
3382,Paraic Sheridan
3383,Christi&aacute;n Golian
3384,Elisa Piccinini
3385,Maarten van der Heijden
3386,Kelvin Weng Chiong Foong
3387,Patrick Bordes
3388,Levente Kov&aacute;cs
3389,Mohamed Saleem Haja Nazmudeen
3390,Rianne Kaptein
3391,Kavishwar B. Wagholikar
3392,Bob Fisher
3393,Xianzhi Deng
3394,Jun Fu
3395,Xian-Hua Han
3396,Fernando Llopis Pascual
3397,L&aacute;szl&oacute; Ny&uacute;l
3398,Will Edman
3399,Ofelia Cervantes
3400,Michael Tepper
3401,Leonard Kr&auml;mer
3402,Henrik I. Christensen
3403,Assafa El Kaidi
3404,Daniel M. Herzig
3405,Luis A. Leiva
3406,Qiang Zhang
3407,Cindy F&auml;hnrich
3408,Jimeng Sun
3409,Hiroshi Muraoka
3410,Hyosup Shim
3411,Timo Petmanson
3412,Joyce Y. Chai
3413,Karin Friberg
3414,Souvick Ghosh
3415,Jing Yang
3416,Aonghus Lawlor
3417,Rim Fakhfakh
3418,Ines Chami
3419,Rick Kosse
3420,Daniel A. Keim
3421,B. Thomas Adler
3422,Youssef Tamaazousti
3423,Farig Sadeque
3424,Gr&eacute;gory Senay
3425,Rik van Noord
3426,Dobrinka Tabakova
3427,Xuchen Yao
3428,Chao Zhu
3429,Ana Garcia del Molino
3430,Vladislav Blinov
3431,Amilcare Gentili
3432,Alina-Elena Mih&aring;il&aring;
3433,Sho Inaba
3434,A. Akilandeswari
3435,Mark J. Huiskes
3436,Thomas Gottron
3437,Tristan Perez
3438,Jan Pawellek
3439,Ferron Saan
3440,Jian Qin
3441,Oskar Maier
3442,Vianney Jouhet
3443,Ismini Lourentzou
3444,Beyza Ermis
3445,Soonyoung Jung
3446,Hitoshi Terai
3447,Alkesh Patel
3448,Shereen Broido
3449,David Rex
3450,Quoc Ho
3451,Raul Moreno
3452,Beatrice Alex
3453,Pol Cirujeda
3454,Wen-Juan Hou
3455,Ilya S. Geller
3456,Polyxeni Katsiouli
3457,Mengting Li
3458,Ifrah Pervaz
3459,Jolanta Mizera-Pietraszko
3460,Romain Beaumont
3461,Jonathan Goh
3462,Stefan Schulz 0001
3463,Sergio Mancera
3464,Pierre-Olivier Mazagol
3465,Masathosi Hidaka
3466,Ilia Kaufman
3467,Viktor Hangya
3468,Marine Wauquier
3469,Christine D. Piatko
3470,Yang Huang
3471,Jiao Qu
3472,Julia Ive
3473,S&eacute;bastien D&eacute;jean
3474,Simon Ostermann 0002
3475,Rachael Rafter
3476,Antoine Isaac
3477,Venkataravikiran Ravva
3478,David Paul Dupplaw
3479,Simon Wakeling
3480,Giannis Tsakonas
3481,Marco Jungwirth
3482,Joe Reisetter
3483,Ningjie Lu
3484,Shashank Gupta 0001
3485,Miguel &Aacute;ngel Garc&iacute;a Calder&oacute;n
3486,Bela Gipp
3487,Wei Lu
3488,Martin Boyanov
3489,Rohit G. Bharadwaj
3490,Imane Nedjar
3491,Martyna Spiewak
3492,Mario Marti
3493,Valeria Bolotova
3494,Alessandro Zamberletti
3495,Ferm&iacute;n L. Cruz
3496,Robert Anderson
3497,Ipek Ganiyusufoglu
3498,Alexander Kalinovsky
3499,Matthieu Guillaumin
3500,Lily Fitria
3501,Arnaldo de Albuquerque Ara&uacute;jo
3502,Wilfred Blom
3503,Vinh-Tiep Nguyen
3504,Matthias Samwald
3505,Damien Malinas
3506,Aniruddha Ghosh
3507,David Semedo
3508,Liyuan Zhou
3509,Costantino Grana
3510,Zheng Zhou
3511,Minoru Yoshida
3512,Joan Codina
3513,Khadijeh Khoshnavataher
3514,George Due&ntilde;as
3515,Paolo Quaresma
3516,Cl&eacute;ment Jonquet
3517,Aras Yildiz
3518,Valentin Zmiycharov
3519,Minh-Son Dao
3520,Georgi Karadzhov
3521,Ian Pye
3522,Rafael Felipe Sandroni Dias
3523,Enrique Flores
3524,Rudolf Ravas
3525,Marco Manfredi
3526,Changyang Li
3527,Khadidja Abi-Yad
3528,Thomas L&uuml;ke
3529,Anestis Gkanogiannis
3530,Andrea Horbach
3531,R&oacute;bert Orm&aacute;ndi
3532,Ming Li
3533,Noah Hollmann
3534,Baris Sevilmis
3535,Christopher Baker
3536,Juli&aacute;n Sol&oacute;rzano-Soto
3537,Jiao Li
3538,K. Santosh
3539,Alejandro Molina-Villegas
3540,Joachim Denzler
3541,Steve Goering
3542,Ryan Knudson
3543,Max Hinne
3544,D&eacute;nes Paczolay
3545,Ana Freire
3546,Yanlin Liu
3547,Kian Lam Tan
3548,Erwin Marsi
3549,Wei-Lun Xiao
3550,Alexandra Siriteanu
3551,James White
3552,Sara Stymne
3553,Grace Hui Yang
3554,Diana Cotelea
3555,Peter Wrobel
3556,Jordi Atserias
3557,Simon Suster
3558,El&ouml;d Egyed-Zsigmond
3559,Luca Atzori
3560,Michael Hess 0001
3561,Mattia Nicchio
3562,Neil Dhruva
3563,Eloi Zablocki
3564,Claude de Loupy
3565,&Ouml;zge Sevgili
3566,Xianglong Liu
3567,C&aring;lin Turliuc
3568,Chirag Shah
3569,Vadim V. Strijov
3570,Abdelkader Hamadi
3571,Koldo Gojenola
3572,Serena Jeblee
3573,Hitomi Saito
3574,Seif Sendi
3575,Shulin Liu
3576,Willem Robert van Hage
3577,Xi Li 0001
3578,Finde Xumara
3579,Tatiana Litvinova
3580,Tingyu Wei
3581,David Vilares
3582,Gabriela Jasso
3583,Theo P. van der Weide
3584,Dhouha Bouamor
3585,Emilia Apostolova
3586,Ioannis Kanellos
3587,Yuichiro Tsuchiya
3588,Michele Merler
3589,Hongbo Deng
3590,Jason J. Lau
3591,Stanimir Nikolov
3592,Megha Bassi
3593,Niels Johannes
3594,Philip Harrison
3595,Ronny Paduschek
3596,Youri Schuur
3597,Titouan Lorieul
3598,Juan Ek
3599,Lenuta Alboaie
3600,Luc Mottin
3601,Peiqin Zhuang
3602,Christoph Schmidt
3603,Han Wang
3604,Lautaro Quiroz
3605,Cordelia Schmid
3606,Diana Irina Tanase
3607,Charles L. A. Clarke
3608,Iosif S. Paraskevas
3609,Henry Anaya-S&aacute;nchez
3610,Mounia Lalmas
3611,Lini Thomas
3612,Marina Cufliuc
3613,Jimmy Xiangji Huang
3614,John Noecker Jr.
3615,Aldo Lipani
3616,Saloua Litayem
3617,Gabriela Ferraro
3618,J&eacute;r&ocirc;me Az&eacute;
3619,Claudio Greco 0002
3620,Roc&iacute;o L&oacute;pez-Anguita
3621,Marko Tadic
3622,Tom Burton-West
3623,Felix Schremmer
3624,Marcelo G. Manzato
3625,Ilya Verbitskiy
3626,Eleftherios Spyromitros Xioufis
3627,Deepa Gupta
3628,Carlos Cuevas
3629,Bhanodai Guggilla
3630,James Northcott
3631,Fang Wang
3632,Thanadit Phumprao
3633,Dirk Lewandowski
3634,Alyaa Alfalahi
3635,Christina Lohr
3636,Dimitrios Soudris
3637,Tim Menzies
3638,Heng Ji
3639,Robert Phan
3640,Arian Pasquali
3641,Houda Alberts
3642,Teemu P&auml;&auml;kk&ouml;nen
3643,Sunghwan Sohn
3644,Mikhail Lebedev
3645,Harris Papageorgiou
3646,Xueliang Zhang
3647,Aravind Ashok
3648,Qiang Li
3649,K&eacute;vin R&eacute;by
3650,Aliaksandr Trus
3651,Vladimir Nedovic
3652,Diana Tanase
3653,Mateusz Budnik
3654,Manoj Harpalani
3655,Nam Khanh Tran
3656,Alexandru Mirea
3657,Thanh-Dat Truong
3658,Marc Rittberger
3659,David Aleandri
3660,Lo&iuml;c Lahondes
3661,Fai&iuml;za Elkateb-Gara
3662,Alexander Dmitruk
3663,Roger Labahn
3664,Sascha Heising
3665,Vanessa Wei Feng
3666,Naeem Bhatti
3667,Mihai Sterpu
3668,Mladen Karan
3669,Sachin Singhal
3670,Mounica Arroju
3671,Jon Brassey
3672,Boudour Ammar
3673,Mickael Rouvier
3674,Fangmei Lu
3675,Linda Dawson
3676,Alexandru Toma
3677,Liliya Akhtyamova
3678,Magdalena Rischka
3679,Juan Manuel Cordoba Malagon
3680,Kseniya Buraya
3681,Daniel Kopev
3682,Suman Sedai
3683,Kang Xin
3684,Djamel Eddine Yagoub
3685,Dragos Silion
3686,Ferran Pl&agrave;
3687,Maram Barifah
3688,Gustavo Lacerda de Melo
3689,Alvaro Barreiro
3690,Dimitrina Zlatkova
3691,Zhe Yu
3692,Anna Morou
3693,Ralf Bierig
3694,Thierry Joliveau
3695,Osama Haggag
3696,Erhan Sezerer
3697,Haihao Yu
3698,Mouad Housni
3699,Blaz Skrlj
3700,Vineet Bansal
3701,Parikshit Sondhi
3702,Muyun Yang
3703,S&eacute;amus Lawless
3704,Serge Molina
3705,Esther van den Berg
3706,M. Anand Kumar
3707,George Giannakopoulos
3708,Josep Isern-Gonzalez
3709,Klaus-Robert M&uuml;ller
3710,Sergio Burdisso
3711,Aaron M. Cohen
3712,Nsikan-George Emana
3713,Leila Weitzel
3714,Diego Fern&aacute;ndez Iglesias
3715,Selma Tekir
3716,Mihir Shekhar
3717,Pierre Jourlin
3718,Fran&ccedil;ois-Marie Giraud
3719,Jacky Montmain
3720,Fatma Ben Abdallah
3721,Frederik Vaassen
3722,Travis Goodwin
3723,Md Obaidullah Sk
3724,Christophe Marsala
3725,Andrea Pomente
3726,Stuart Mackie
3727,Pawel Teisseyre
3728,Stefan Taubert
3729,Irina Rancea
3730,Pengyi Zhang
3731,Aure S&eacute;guier
3732,Christina M&uuml;ller
3733,James Marquardt
3734,Yasser El-Sonbaty
3735,Kirill Mishchenko
3736,S&eacute;bastien Le Maguer
3737,Yu Qiao
3738,Timothy Gollins
3739,Yu Qian
3740,Waleed Ragheb
3741,ChengXiang Zhai
3742,Babak Loni
3743,Luis Jim&eacute;nez-Cuadrado
3744,Riitta Danielsson-Ojala
3745,Hogyeong Jeong
3746,Neil J. Hurley
3747,Niklas Isenius
3748,Alexey Buslavyev
3749,Carlos Rodriguez
3750,Irina Muzika
3751,Christin Seifert
3752,P. Hrudya
3753,Framadhan Arnely
3754,Sylvie Chevret
3755,Antoine Briand
3756,Alina Maria Ciobanu
3757,Beatrix Alex
3758,Santiago A. P&eacute;rez-Rubiano
3759,Magdalena Parks
3760,Zan-Xia Jin
3761,Di Xu
3762,A. Jagannathan
3763,Emanuel Luchetti
3764,Gemma S&aacute;nchez
3765,Sri Hartati Wijono
3766,Sergio Davalos
3767,Elena Deneva
3768,Oriol Ramos Terrades
3769,Rong Jin
3770,Luis Rom&atilde;o
3771,Xiong Lv
3772,Stefan Savov
3773,Samhaa R. El-Beltagy
3774,Martha-Alicia Rocha
3775,Adam Ishay
3776,Dongfang Xu
3777,Ngan L. T. Nguyen
